title,hasCited
Mobile Computing is not Always Advantageous - Lessons Learned from a Real-World Case Study in a Hospital.,Computing Local Binary Patterns on Mesh Manifolds for 3D Texture Retrieval.
Mobile Computing is not Always Advantageous - Lessons Learned from a Real-World Case Study in a Hospital.,Temporal Ensemble of Shape Functions.
Mobile Computing is not Always Advantageous - Lessons Learned from a Real-World Case Study in a Hospital.,Shape Similarity System driven by Digital Elevation Models for Non-rigid Shape Retrieval.
Mobile Computing is not Always Advantageous - Lessons Learned from a Real-World Case Study in a Hospital.,Efficient Filling of Disparity Holes Using Resolution Decoupling.
Mobile Computing is not Always Advantageous - Lessons Learned from a Real-World Case Study in a Hospital.,Energy-Efficient Transceiver Design for Hybrid Sub-Array Architecture MIMO Systems.
Building an Initialization Cipher Block with Two-Dimensional Operation and Random Parameters.,3D Sketch-Based 3D Shape Retrieval.
Building an Initialization Cipher Block with Two-Dimensional Operation and Random Parameters.,RGB-D to CAD Retrieval with ObjectNN Dataset.
Building an Initialization Cipher Block with Two-Dimensional Operation and Random Parameters.,ComP-net - command processor networking for efficient intra-kernel communications on GPUs.
Performance Measures of Behavior-Based Signatures - An Anti-malware Solution for Platforms with Limited Computing Resource.,Non-rigid 3D Model Classification Using 3D Hahn Moment Convolutional Neural Networks.
Performance Measures of Behavior-Based Signatures - An Anti-malware Solution for Platforms with Limited Computing Resource.,An Evaluation of Local Feature Encodings for Shape Retrieval.
Performance Measures of Behavior-Based Signatures - An Anti-malware Solution for Platforms with Limited Computing Resource.,Matching of Deformable Shapes with Topological Noise.
Performance Measures of Behavior-Based Signatures - An Anti-malware Solution for Platforms with Limited Computing Resource.,Symmetry and Fourier Descriptor - A Hybrid Feature For NURBS based B-Rep Models Retrieval.
PhiGARo - Automatic Phishing Detection and Incident Response Framework.,3D shape template generation from RGB-D images capturing a moving and deforming object.
PhiGARo - Automatic Phishing Detection and Incident Response Framework.,Enhancing adaptability of amoeboid robot by synergetically coupling two decentralized controllers inspired by true slime mold.
PhiGARo - Automatic Phishing Detection and Incident Response Framework.,Similarity of Deforming Meshes Based on Spatio-temporal Segmentation.
PhiGARo - Automatic Phishing Detection and Incident Response Framework.,Large-Scale 3D Shape Retrieval from ShapeNet Core55.
PhiGARo - Automatic Phishing Detection and Incident Response Framework.,An Evaluation of Local Feature Encodings for Shape Retrieval.
Visualization of Recovery Situation in Disaster Area by Using Web Reservation Data.,EAR - ECC-aided refresh reduction through 2-D zero compression.
Guard-ring monitoring system for inspecting defects in TSV-based data buses.,3D Volume Matching for Mesh Animation of Moving Actors.
Guard-ring monitoring system for inspecting defects in TSV-based data buses.,3D-Xpath - high-density managed DRAM architecture with cost-effective alternative paths for memory transactions.
High productivity thermal compression bonding for 3D-IC.,Shape Retrieval and 3D Gestural Interaction.
High productivity thermal compression bonding for 3D-IC.,Proposed static timing analysis framework for extracted 3D integrated circuits (3D-STA).
3D integration - Applications and market trends.,Performing Image-like Convolution on Triangular Meshes.
3D integration - Applications and market trends.,Truncated Signed Distance Function Volume Integration Based on Voxel-Level Optimization for 3D Reconstruction.
3D system integration research at IMEC.,Enhancing Agent Mediated Electronic Markets with Ontology Matching Services and Social Network Support.
3D system integration research at IMEC.,Extended Large Scale Sketch-Based 3D Shape Retrieval.
3D system integration research at IMEC.,Automatic Extraction of Complex 3D Structures Application to the Inner Ear Segmentation from Cone Beam CT Digital Volumes.
3D system integration research at IMEC.,Data motifs - a lens towards fully understanding big data and AI workloads.
Twice-etched silicon approach for via-last through-silicon-via with a Parylene-HT liner.,On-the-fly workload partitioning for integrated CPU/GPU architectures.
Twice-etched silicon approach for via-last through-silicon-via with a Parylene-HT liner.,3D Volume Matching for Mesh Animation of Moving Actors.
Twice-etched silicon approach for via-last through-silicon-via with a Parylene-HT liner.,Protein Shape Retrieval.
Twice-etched silicon approach for via-last through-silicon-via with a Parylene-HT liner.,Scalability of Non-Rigid 3D Shape Retrieval.
Twice-etched silicon approach for via-last through-silicon-via with a Parylene-HT liner.,Enhancing Agent Mediated Electronic Markets with Ontology Matching Services and Social Network Support.
Electrical investigation of Cu pumping in through-silicon vias for BEOL reliability in 3D integration.,Retrieval and Classification on Textured 3D Models.
Electrical investigation of Cu pumping in through-silicon vias for BEOL reliability in 3D integration.,Transactional pre-abort handlers in hardware transactional memory.
Electrical investigation of Cu pumping in through-silicon vias for BEOL reliability in 3D integration.,Semantic Correspondence Across 3D Models for Example-based Modeling.
Electrical investigation of Cu pumping in through-silicon vias for BEOL reliability in 3D integration.,Im2Fit - Fast 3D Model Fitting and Anthropometrics using Single Consumer Depth Camera and Synthetic Data.
Electrical investigation of Cu pumping in through-silicon vias for BEOL reliability in 3D integration.,Hybrid optimization/heuristic instruction scheduling for programmable accelerator codesign.
"Crosstalk-included eye-diagram estimation for high-speed silicon, organic, and glass interposer channels on 2.5D/3D IC.",Range Scans based 3D Shape Retrieval.
Copper micro and nano particles mixture for 3D interconnections application.,Experimental Similarity Assessment for a Collection of Fragmented Artifacts.
Copper micro and nano particles mixture for 3D interconnections application.,EAR - ECC-aided refresh reduction through 2-D zero compression.
Copper micro and nano particles mixture for 3D interconnections application.,A Framework Based on Compressed Manifold Modes for Robust Local Spectral Analysis.
Copper micro and nano particles mixture for 3D interconnections application.,Data motifs - a lens towards fully understanding big data and AI workloads.
Proposed static timing analysis framework for extracted 3D integrated circuits (3D-STA).,Temporal Ensemble of Shape Functions.
Proposed static timing analysis framework for extracted 3D integrated circuits (3D-STA).,Retrieval and Classification on Textured 3D Models.
Proposed static timing analysis framework for extracted 3D integrated circuits (3D-STA).,Implementation of 3D Object Reconstruction Using Multiple Kinect Cameras.
Proposed static timing analysis framework for extracted 3D integrated circuits (3D-STA).,A Framework Based on Compressed Manifold Modes for Robust Local Spectral Analysis.
Proposed static timing analysis framework for extracted 3D integrated circuits (3D-STA).,Shape Retrieval and 3D Gestural Interaction.
Computing in 3D.,EAR - ECC-aided refresh reduction through 2-D zero compression.
Retrieval and Classification on Textured 3D Models.,Protein Shape Retrieval.
Retrieval and Classification on Textured 3D Models.,Fisher Encoding of Adaptive Fast Persistent Feature Histograms for Partial Retrieval of 3D Pottery Objects.
Retrieval and Classification on Textured 3D Models.,Copper micro and nano particles mixture for 3D interconnections application.
Retrieval and Classification on Textured 3D Models.,Enhancing decentralized service discovery in open service-oriented multi-agent systems.
Retrieval and Classification on Textured 3D Models.,2D Image-Based 3D Scene Retrieval.
3D Volume Matching for Mesh Animation of Moving Actors.,Shape Retrieval of Non-Rigid 3D Human Models.
3D Volume Matching for Mesh Animation of Moving Actors.,Energy-Efficient Power Control Algorithms in Massive MIMO Cognitive Radio Networks.
3D Volume Matching for Mesh Animation of Moving Actors.,Partial Shape Queries for 3D Object Retrieval.
3D Volume Matching for Mesh Animation of Moving Actors.,Visualization of Recovery Situation in Disaster Area by Using Web Reservation Data.
3D Volume Matching for Mesh Animation of Moving Actors.,Enhancing Agent Mediated Electronic Markets with Ontology Matching Services and Social Network Support.
Coulomb Shapes - Using Electrostatic Forces for Deformation-invariant Shape Representation.,Energy-Efficient Data Gathering Framework-Based Clustering via Multiple UAVs in Deadline-Based WSN Applications.
Coulomb Shapes - Using Electrostatic Forces for Deformation-invariant Shape Representation.,Non-uniform resampling in perspective compensated large scale 3D visualization.
Coulomb Shapes - Using Electrostatic Forces for Deformation-invariant Shape Representation.,Sketch-based 3D Object Retrieval with Skeleton Line Views - Initial Results and Research Problems.
Coulomb Shapes - Using Electrostatic Forces for Deformation-invariant Shape Representation.,Copper micro and nano particles mixture for 3D interconnections application.
Temporal Ensemble of Shape Functions.,Canonical Forms for Non-Rigid 3D Shape Retrieval.
Temporal Ensemble of Shape Functions.,Cost-driven thread coarsening for GPU kernels.
GeoTopo - Dynamic 3D Facial Expression Retrieval Using Topological and Geometric Information.,3D GrabCut - Interactive Foreground Extraction for Reconstructed 3D Scenes.
Symmetry and Fourier Descriptor - A Hybrid Feature For NURBS based B-Rep Models Retrieval.,Directed Curvature Histograms for Robotic Grasping.
Symmetry and Fourier Descriptor - A Hybrid Feature For NURBS based B-Rep Models Retrieval.,Edge-based LBP Description of Surfaces with Colorimetric Patterns.
Symmetry and Fourier Descriptor - A Hybrid Feature For NURBS based B-Rep Models Retrieval.,Performing Image-like Convolution on Triangular Meshes.
TreeSha - 3D Shape Retrieval with a Tree Graph Representation based on the Autodiffusion Function Topology.,3D-Xpath - high-density managed DRAM architecture with cost-effective alternative paths for memory transactions.
TreeSha - 3D Shape Retrieval with a Tree Graph Representation based on the Autodiffusion Function Topology.,PhiGARo - Automatic Phishing Detection and Incident Response Framework.
TreeSha - 3D Shape Retrieval with a Tree Graph Representation based on the Autodiffusion Function Topology.,Randomized Sub-Volume Partitioning for Part-Based 3D Model Retrieval.
Automatic Location of Landmarks used in Manual Anthropometry.,Maximizing system utilization via parallelism management for co-located parallel applications.
Automatic Location of Landmarks used in Manual Anthropometry.,Shadow Detection on 3D Point Cloud.
Automatic Location of Landmarks used in Manual Anthropometry.,Enhancing adaptability of amoeboid robot by synergetically coupling two decentralized controllers inspired by true slime mold.
Manifold Harmonic Transform and Spatial Relationships for Partial 3D Object Retrieval.,On-the-fly workload partitioning for integrated CPU/GPU architectures.
Extended Large Scale Sketch-Based 3D Shape Retrieval.,Energy-Efficient Indoor Localization of Smart Hand-Held Devices Using Bluetooth.
Extended Large Scale Sketch-Based 3D Shape Retrieval.,Coulomb Shapes - Using Electrostatic Forces for Deformation-invariant Shape Representation.
Extended Large Scale Sketch-Based 3D Shape Retrieval.,Retrieval of Gray Patterns Depicted on 3D Models.
Extended Large Scale Sketch-Based 3D Shape Retrieval.,3D system integration research at IMEC.
Large Scale Comprehensive 3D Shape Retrieval.,Energy-Efficient Hybrid Precoding Design for Millimeter-Wave Massive MIMO Systems Via Coordinate Update Algorithms.
Large Scale Comprehensive 3D Shape Retrieval.,Structural internal deterioration detection with motion vector field image analysis using monocular camera.
Large Scale Comprehensive 3D Shape Retrieval.,Twice-etched silicon approach for via-last through-silicon-via with a Parylene-HT liner.
Large Scale Comprehensive 3D Shape Retrieval.,Mage - online and interference-aware scheduling for multi-scale heterogeneous systems.
Similarity of Deforming Meshes Based on Spatio-temporal Segmentation.,Energy-Efficient Power Control Algorithms in Massive MIMO Cognitive Radio Networks.
Similarity of Deforming Meshes Based on Spatio-temporal Segmentation.,Edge-based LBP Description of Surfaces with Colorimetric Patterns.
Similarity of Deforming Meshes Based on Spatio-temporal Segmentation.,Protein Shape Retrieval.
Similarity of Deforming Meshes Based on Spatio-temporal Segmentation.,Large-Scale 3D Shape Retrieval from ShapeNet Core55.
Similarity of Deforming Meshes Based on Spatio-temporal Segmentation.,Retrieval of Gray Patterns Depicted on 3D Models.
Towards the Extraction of Hierarchical Building Descriptions from 3D Indoor Scans.,Recognition of Geometric Patterns Over 3D Models.
Towards the Extraction of Hierarchical Building Descriptions from 3D Indoor Scans.,Mage - online and interference-aware scheduling for multi-scale heterogeneous systems.
Towards the Extraction of Hierarchical Building Descriptions from 3D Indoor Scans.,GMOD - a dynamic GPU memory overflow detector.
Towards the Extraction of Hierarchical Building Descriptions from 3D Indoor Scans.,Architectural support for convolutional neural networks on modern CPUs.
The Canonically Posed 3D Objects Dataset.,Similarity of Deforming Meshes Based on Spatio-temporal Segmentation.
The Canonically Posed 3D Objects Dataset.,3D GrabCut - Interactive Foreground Extraction for Reconstructed 3D Scenes.
Shape Retrieval of Non-Rigid 3D Human Models.,3D Mesh Unfolding via Semidefinite Programming.
Shape Retrieval of Non-Rigid 3D Human Models.,Range Scans based 3D Shape Retrieval.
Quantitative Comparison of Hole Filling Methods for 3D Object Search.,Implementation of 3D Object Reconstruction Using Multiple Kinect Cameras.
Fisher Encoding of Adaptive Fast Persistent Feature Histograms for Partial Retrieval of 3D Pottery Objects.,3D GrabCut - Interactive Foreground Extraction for Reconstructed 3D Scenes.
Indoor Location Retrieval using Shape Matching of KinectFusion Scans to Large-Scale Indoor Point Clouds.,GeoTopo - Dynamic 3D Facial Expression Retrieval Using Topological and Geometric Information.
Indoor Location Retrieval using Shape Matching of KinectFusion Scans to Large-Scale Indoor Point Clouds.,Enhanced Transmit Antenna Selection Scheme for Secure Throughput Maximization Without CSI at the Transmitter.
Indoor Location Retrieval using Shape Matching of KinectFusion Scans to Large-Scale Indoor Point Clouds.,RGB-D Object-to-CAD Retrieval.
Indoor Location Retrieval using Shape Matching of KinectFusion Scans to Large-Scale Indoor Point Clouds.,Energy-Efficient Context-Aware Matching for Resource Allocation in Ultra-Dense Small Cells.
A Spatio-Temporal Descriptor for Dynamic 3D Facial Expression Retrieval and Recognition.,3D Autostereoscopic Display Image Generation Framework using Direct Light Field Rendering.
A Spatio-Temporal Descriptor for Dynamic 3D Facial Expression Retrieval and Recognition.,Computing Local Binary Patterns on Mesh Manifolds for 3D Texture Retrieval.
A Spatio-Temporal Descriptor for Dynamic 3D Facial Expression Retrieval and Recognition.,Enhanced VANET broadcast throughput capacity via a dynamic backbone architecture.
A Spatio-Temporal Descriptor for Dynamic 3D Facial Expression Retrieval and Recognition.,Fisher Encoding of Adaptive Fast Persistent Feature Histograms for Partial Retrieval of 3D Pottery Objects.
Bag of Compact HKS-based Feature Descriptors.,Energy-Efficient Joint Power Allocation in Uplink Massive MIMO Cognitive Radio Networks With Imperfect CSI.
Bag of Compact HKS-based Feature Descriptors.,Truncated Signed Distance Function Volume Integration Based on Voxel-Level Optimization for 3D Reconstruction.
Bag of Compact HKS-based Feature Descriptors.,Fisher Encoding of Adaptive Fast Persistent Feature Histograms for Partial Retrieval of 3D Pottery Objects.
Bag of Compact HKS-based Feature Descriptors.,Energy-Efficient Indoor Localization of Smart Hand-Held Devices Using Bluetooth.
Randomized Sub-Volume Partitioning for Part-Based 3D Model Retrieval.,Visualization of Recovery Situation in Disaster Area by Using Web Reservation Data.
3D Object Retrieval with Multimodal Views.,Stencil codes on a vector length agnostic architecture.
3D Object Retrieval with Multimodal Views.,Sketch-based 3D Object Retrieval with Skeleton Line Views - Initial Results and Research Problems.
3D Object Retrieval with Parametric Templates.,Towards Scientific Benchmarks - On Increasing the Credibility of Benchmarks.
3D Object Retrieval with Parametric Templates.,Range Scans based 3D Shape Retrieval.
3D Object Retrieval with Parametric Templates.,Towards the Extraction of Hierarchical Building Descriptions from 3D Indoor Scans.
3D Object Retrieval with Parametric Templates.,An Edit Distance for Reeb Graphs.
3D Object Retrieval with Parametric Templates.,3D Object Retrieval with Multimodal Views.
Retrieval of Non-rigid (textured) Shapes Using Low Quality 3D Models.,GeoTopo - Dynamic 3D Facial Expression Retrieval Using Topological and Geometric Information.
Retrieval of Non-rigid (textured) Shapes Using Low Quality 3D Models.,Electrical investigation of Cu pumping in through-silicon vias for BEOL reliability in 3D integration.
Retrieval of Non-rigid (textured) Shapes Using Low Quality 3D Models.,Efficient Filling of Disparity Holes Using Resolution Decoupling.
Retrieval of Non-rigid (textured) Shapes Using Low Quality 3D Models.,Completion of Cultural Heritage Objects with Rotational Symmetry.
Morphological Analysis of 3D Faces for Weight Gain Assessment.,Manifold Harmonic Transform and Spatial Relationships for Partial 3D Object Retrieval.
Morphological Analysis of 3D Faces for Weight Gain Assessment.,Non-rigid 3D Shape Retrieval.
Range Scans based 3D Shape Retrieval.,Protein Shape Retrieval.
Range Scans based 3D Shape Retrieval.,A Descriptor for Voxel Shapes Based on the Skeleton Cut Space.
Range Scans based 3D Shape Retrieval.,Large Scale Comprehensive 3D Shape Retrieval.
Range Scans based 3D Shape Retrieval.,Deformable Shape Retrieval with Missing Parts.
Range Scans based 3D Shape Retrieval.,GSHOT - a Global Descriptor from SHOT to Reduce Time and Space Requirements.
Automatic 3D Object Fracturing for Evaluation of Partial Retrieval and Object Restoration Tasks - Benchmark and Application to 3D Cultural Heritage Data.,Depth Assisted Composition of Synthetic and Real 3D Scenes.
Automatic 3D Object Fracturing for Evaluation of Partial Retrieval and Object Restoration Tasks - Benchmark and Application to 3D Cultural Heritage Data.,Human detection from still depth images.
Automatic 3D Object Fracturing for Evaluation of Partial Retrieval and Object Restoration Tasks - Benchmark and Application to 3D Cultural Heritage Data.,Unstructured Point Cloud Semantic Labeling Using Deep Segmentation Networks.
Automatic 3D Object Fracturing for Evaluation of Partial Retrieval and Object Restoration Tasks - Benchmark and Application to 3D Cultural Heritage Data.,GMOD - a dynamic GPU memory overflow detector.
Towards Scientific Benchmarks - On Increasing the Credibility of Benchmarks.,Towards concurrency race debugging - an integrated approach for constraint solving and dynamic slicing.
Towards Scientific Benchmarks - On Increasing the Credibility of Benchmarks.,Towards an Observer-oriented Theory of Shape Comparison.
Towards Scientific Benchmarks - On Increasing the Credibility of Benchmarks.,Enhanced Transmit Antenna Selection Scheme for Secure Throughput Maximization Without CSI at the Transmitter.
Towards Scientific Benchmarks - On Increasing the Credibility of Benchmarks.,Secure High Capacity Data Hiding for 3d Meshes.
Towards Scientific Benchmarks - On Increasing the Credibility of Benchmarks.,3D Object Retrieval with Multimodal Views.
RETRIEVAL 3D - An On-line Content-Based Retrieval Performance Evaluation Tool.,Towards an Observer-oriented Theory of Shape Comparison.
RETRIEVAL 3D - An On-line Content-Based Retrieval Performance Evaluation Tool.,Efficient Filling of Disparity Holes Using Resolution Decoupling.
RETRIEVAL 3D - An On-line Content-Based Retrieval Performance Evaluation Tool.,"Enhanced Human Face Recognition Using LBPH Descriptor, Multi-KNN, and Back-Propagation Neural Network."
Non-rigid 3D Shape Retrieval.,2D Scene Sketch-Based 3D Scene Retrieval.
Non-rigid 3D Shape Retrieval.,Electrical investigation of Cu pumping in through-silicon vias for BEOL reliability in 3D integration.
Non-rigid 3D Shape Retrieval.,Extended Large Scale Sketch-Based 3D Shape Retrieval.
Non-rigid 3D Shape Retrieval.,Truncated Signed Distance Function Volume Integration Based on Voxel-Level Optimization for 3D Reconstruction.
3D GrabCut - Interactive Foreground Extraction for Reconstructed 3D Scenes.,A Framework Based on Compressed Manifold Modes for Robust Local Spectral Analysis.
ThOR - Three-dimensional Object Retrieval Library.,3D-Xpath - high-density managed DRAM architecture with cost-effective alternative paths for memory transactions.
ThOR - Three-dimensional Object Retrieval Library.,RGB-D Object-to-CAD Retrieval.
ThOR - Three-dimensional Object Retrieval Library.,Partial 3D Object Retrieval combining Local Shape Descriptors with Global Fisher Vectors.
ThOR - Three-dimensional Object Retrieval Library.,The Canonically Posed 3D Objects Dataset.
ThOR - Three-dimensional Object Retrieval Library.,Secure High Capacity Data Hiding for 3d Meshes.
Retrieval of Objects Captured with Kinect One Camera.,An Evaluation of Local Feature Encodings for Shape Retrieval.
Retrieval of Objects Captured with Kinect One Camera.,High-Fidelity Time-of-Flight Edge Sampling Using Superpixels.
Retrieval of Objects Captured with Kinect One Camera.,Completion of Cultural Heritage Objects with Rotational Symmetry.
Retrieval of Objects Captured with Kinect One Camera.,Depth Estimation Algorithm for Color Coded Aperture Camera.
Retrieval of Objects Captured with Kinect One Camera.,Large-Scale 3D Shape Retrieval from ShapeNet Core55.
Canonical Forms for Non-Rigid 3D Shape Retrieval.,TreeSha - 3D Shape Retrieval with a Tree Graph Representation based on the Autodiffusion Function Topology.
Partial 3D Object Retrieval combining Local Shape Descriptors with Global Fisher Vectors.,Towards concurrency race debugging - an integrated approach for constraint solving and dynamic slicing.
Accelerating the Computation of Canonical Forms for 3D Nonrigid Objects using Multidimensional Scaling.,Quantitative Comparison of Hole Filling Methods for 3D Object Search.
Accelerating the Computation of Canonical Forms for 3D Nonrigid Objects using Multidimensional Scaling.,Implementation of 3D Object Reconstruction Using Multiple Kinect Cameras.
Accelerating the Computation of Canonical Forms for 3D Nonrigid Objects using Multidimensional Scaling.,Non-rigid 3D Model Classification Using 3D Hahn Moment Convolutional Neural Networks.
Accelerating the Computation of Canonical Forms for 3D Nonrigid Objects using Multidimensional Scaling.,Point Cloud Compression using Depth Maps.
Accelerating the Computation of Canonical Forms for 3D Nonrigid Objects using Multidimensional Scaling.,Shape Retrieval of Low-Cost RGB-D Captures.
Scalability of Non-Rigid 3D Shape Retrieval.,"Crosstalk-included eye-diagram estimation for high-speed silicon, organic, and glass interposer channels on 2.5D/3D IC."
Scalability of Non-Rigid 3D Shape Retrieval.,Energy-Efficient Wireless Sensing for Level Set Estimations.
Scalability of Non-Rigid 3D Shape Retrieval.,Maximizing system utilization via parallelism management for co-located parallel applications.
Computing Local Binary Patterns on Mesh Manifolds for 3D Texture Retrieval.,3D shape template generation from RGB-D images capturing a moving and deforming object.
Computing Local Binary Patterns on Mesh Manifolds for 3D Texture Retrieval.,Point-Cloud Shape Retrieval of Non-Rigid Toys.
Computing Local Binary Patterns on Mesh Manifolds for 3D Texture Retrieval.,High productivity thermal compression bonding for 3D-IC.
Computing Local Binary Patterns on Mesh Manifolds for 3D Texture Retrieval.,Enhancing Agent Mediated Electronic Markets with Ontology Matching Services and Social Network Support.
Computing Local Binary Patterns on Mesh Manifolds for 3D Texture Retrieval.,Energy-Efficient Resource Allocation for Massive MIMO Amplify-and-Forward Relay Systems.
Sketch-based 3D Object Retrieval Using Two Views and a Visual Part Alignment.,Retrieval and Classification on Textured 3D Models.
Sketch-based 3D Object Retrieval Using Two Views and a Visual Part Alignment.,Cost effective speculation with the omnipredictor.
3D Sketch-Based 3D Shape Retrieval.,Shape Retrieval and 3D Gestural Interaction.
3D Sketch-Based 3D Shape Retrieval.,Architectural support for convolutional neural networks on modern CPUs.
3D Sketch-Based 3D Shape Retrieval.,Maximizing system utilization via parallelism management for co-located parallel applications.
3D Sketch-Based 3D Shape Retrieval.,Hypart - a hybrid technique for practical memory bandwidth partitioning on commodity servers.
3D Sketch-Based 3D Shape Retrieval.,Scalability of Non-Rigid 3D Shape Retrieval.
An Edit Distance for Reeb Graphs.,Energy-Efficient Indoor Localization of Smart Hand-Held Devices Using Bluetooth.
An Edit Distance for Reeb Graphs.,3D integration - Applications and market trends.
An Edit Distance for Reeb Graphs.,GMOD - a dynamic GPU memory overflow detector.
An Edit Distance for Reeb Graphs.,Towards Recognizing of 3D Models Using A Single Image.
An Edit Distance for Reeb Graphs.,3D GrabCut - Interactive Foreground Extraction for Reconstructed 3D Scenes.
3D Objects Exploration - Guidelines for Future Research.,Directed Curvature Histograms for Robotic Grasping.
3D Objects Exploration - Guidelines for Future Research.,Sketch-based 3D Object Retrieval with Skeleton Line Views - Initial Results and Research Problems.
3D Objects Exploration - Guidelines for Future Research.,Retrieval of Gray Patterns Depicted on 3D Models.
3D Objects Exploration - Guidelines for Future Research.,Automatic 3D Object Fracturing for Evaluation of Partial Retrieval and Object Restoration Tasks - Benchmark and Application to 3D Cultural Heritage Data.
3D Objects Exploration - Guidelines for Future Research.,3D-Xpath - high-density managed DRAM architecture with cost-effective alternative paths for memory transactions.
Partial Matching of Deformable Shapes.,Geodesic-based 3D Shape Retrieval Using Sparse Autoencoders.
A Descriptor for Voxel Shapes Based on the Skeleton Cut Space.,Guard-ring monitoring system for inspecting defects in TSV-based data buses.
A Descriptor for Voxel Shapes Based on the Skeleton Cut Space.,Edge-based LBP Description of Surfaces with Colorimetric Patterns.
A Descriptor for Voxel Shapes Based on the Skeleton Cut Space.,Depth Assisted Composition of Synthetic and Real 3D Scenes.
A Descriptor for Voxel Shapes Based on the Skeleton Cut Space.,Bag of Compact HKS-based Feature Descriptors.
A Descriptor for Voxel Shapes Based on the Skeleton Cut Space.,Energy-Efficient Tracking and Localization of Objects in Wireless Sensor Networks.
An Experimental Shape Matching Approach for Protein Docking.,Structural internal deterioration detection with motion vector field image analysis using monocular camera.
An Experimental Shape Matching Approach for Protein Docking.,Point-Cloud Shape Retrieval of Non-Rigid Toys.
An Experimental Shape Matching Approach for Protein Docking.,Blue noise Sampling of surfaces from stereoscopic images.
An Experimental Shape Matching Approach for Protein Docking.,PhiGARo - Automatic Phishing Detection and Incident Response Framework.
An Experimental Shape Matching Approach for Protein Docking.,Compiler assisted coalescing.
Towards an Observer-oriented Theory of Shape Comparison.,Similarity of Deforming Meshes Based on Spatio-temporal Segmentation.
Towards an Observer-oriented Theory of Shape Comparison.,Temporal Domain Stereo Matching based on Feature Points for Restriction of Error Propagation.
3D Object Retrieval with Multimodal Views.,Copper micro and nano particles mixture for 3D interconnections application.
3D Object Retrieval with Multimodal Views.,Automatic 3D Object Fracturing for Evaluation of Partial Retrieval and Object Restoration Tasks - Benchmark and Application to 3D Cultural Heritage Data.
3D Object Retrieval with Multimodal Views.,Enhancing Agent Mediated Electronic Markets with Ontology Matching Services and Social Network Support.
3D Object Retrieval with Multimodal Views.,Bag of Compact HKS-based Feature Descriptors.
Shape Retrieval and 3D Gestural Interaction.,Unstructured Point Cloud Semantic Labeling Using Deep Segmentation Networks.
Retrieval of Human Subjects from Depth Sensor Data.,Proposed static timing analysis framework for extracted 3D integrated circuits (3D-STA).
Retrieval of Human Subjects from Depth Sensor Data.,On-the-fly workload partitioning for integrated CPU/GPU architectures.
Matching of Deformable Shapes with Topological Noise.,3D Volume Matching for Mesh Animation of Moving Actors.
Matching of Deformable Shapes with Topological Noise.,3D-Xpath - high-density managed DRAM architecture with cost-effective alternative paths for memory transactions.
Matching of Deformable Shapes with Topological Noise.,MemoDyn - exploiting weakly consistent data structures for dynamic parallel memoization.
Matching of Deformable Shapes with Topological Noise.,Experimental Similarity Assessment for a Collection of Fragmented Artifacts.
Shape Retrieval of Low-Cost RGB-D Captures.,Computing in 3D.
Partial Shape Queries for 3D Object Retrieval.,Enhanced Forensic Speaker Verification Using a Combination of DWT and MFCC Feature Warping in the Presence of Noise and Reverberation Conditions.
Large-Scale 3D Shape Retrieval from ShapeNet Core55.,Enhancing Agent Mediated Electronic Markets with Ontology Matching Services and Social Network Support.
Large-Scale 3D Shape Retrieval from ShapeNet Core55.,Directed Curvature Histograms for Robotic Grasping.
An Evaluation of Local Feature Encodings for Shape Retrieval.,ThOR - Three-dimensional Object Retrieval Library.
Retrieval of Surfaces with Similar Relief Patterns.,Partial Shape Queries for 3D Object Retrieval.
Retrieval of Surfaces with Similar Relief Patterns.,An Experimental Shape Matching Approach for Protein Docking.
Retrieval of Surfaces with Similar Relief Patterns.,High productivity thermal compression bonding for 3D-IC.
Retrieval of Surfaces with Similar Relief Patterns.,Unstructured Point Cloud Semantic Labeling Using Deep Segmentation Networks.
Unstructured Point Cloud Semantic Labeling Using Deep Segmentation Networks.,Retrieval of Objects Captured with Kinect One Camera.
Unstructured Point Cloud Semantic Labeling Using Deep Segmentation Networks.,Partial 3D Object Retrieval combining Local Shape Descriptors with Global Fisher Vectors.
Shape Similarity System driven by Digital Elevation Models for Non-rigid Shape Retrieval.,An Edit Distance for Reeb Graphs.
Shape Similarity System driven by Digital Elevation Models for Non-rigid Shape Retrieval.,Enhancing Power Quality in Microgrids With a New Online Control Strategy for DSTATCOM Using Reinforcement Learning Algorithm.
Shape Similarity System driven by Digital Elevation Models for Non-rigid Shape Retrieval.,Enhanced Transmit Antenna Selection Scheme for Secure Throughput Maximization Without CSI at the Transmitter.
A Framework Based on Compressed Manifold Modes for Robust Local Spectral Analysis.,Twice-etched silicon approach for via-last through-silicon-via with a Parylene-HT liner.
A Framework Based on Compressed Manifold Modes for Robust Local Spectral Analysis.,Architectural support for convolutional neural networks on modern CPUs.
A Framework Based on Compressed Manifold Modes for Robust Local Spectral Analysis.,3D GrabCut - Interactive Foreground Extraction for Reconstructed 3D Scenes.
RGB-D to CAD Retrieval with ObjectNN Dataset.,3D system integration research at IMEC.
RGB-D to CAD Retrieval with ObjectNN Dataset.,Edge-based LBP Description of Surfaces with Colorimetric Patterns.
RGB-D to CAD Retrieval with ObjectNN Dataset.,3D Autostereoscopic Display Image Generation Framework using Direct Light Field Rendering.
RGB-D to CAD Retrieval with ObjectNN Dataset.,Enhancing adaptability of amoeboid robot by synergetically coupling two decentralized controllers inspired by true slime mold.
RGB-D to CAD Retrieval with ObjectNN Dataset.,EAR - ECC-aided refresh reduction through 2-D zero compression.
Semantic Correspondence Across 3D Models for Example-based Modeling.,High productivity thermal compression bonding for 3D-IC.
Semantic Correspondence Across 3D Models for Example-based Modeling.,VW-SLP - auto-vectorization with adaptive vector width.
Semantic Correspondence Across 3D Models for Example-based Modeling.,RETRIEVAL 3D - An On-line Content-Based Retrieval Performance Evaluation Tool.
Point-Cloud Shape Retrieval of Non-Rigid Toys.,Mage - online and interference-aware scheduling for multi-scale heterogeneous systems.
Point-Cloud Shape Retrieval of Non-Rigid Toys.,Energy-Efficient Big Data Analytics in Datacenters.
Point-Cloud Shape Retrieval of Non-Rigid Toys.,An Experimental Shape Matching Approach for Protein Docking.
Point-Cloud Shape Retrieval of Non-Rigid Toys.,Range Scans based 3D Shape Retrieval.
3D Mesh Unfolding via Semidefinite Programming.,High-Fidelity Time-of-Flight Edge Sampling Using Superpixels.
3D Mesh Unfolding via Semidefinite Programming.,Unstructured Point Cloud Semantic Labeling Using Deep Segmentation Networks.
3D Mesh Unfolding via Semidefinite Programming.,Engineering commitment-based business protocols with the 2CL methodology.
3D Mesh Unfolding via Semidefinite Programming.,3D Object Retrieval with Multimodal Views.
3D Mesh Unfolding via Semidefinite Programming.,Symmetry and Fourier Descriptor - A Hybrid Feature For NURBS based B-Rep Models Retrieval.
GSHOT - a Global Descriptor from SHOT to Reduce Time and Space Requirements.,3D Object Retrieval with Multimodal Views.
GSHOT - a Global Descriptor from SHOT to Reduce Time and Space Requirements.,Enhancing decentralized service discovery in open service-oriented multi-agent systems.
Towards Recognizing of 3D Models Using A Single Image.,High-Fidelity Time-of-Flight Edge Sampling Using Superpixels.
Towards Recognizing of 3D Models Using A Single Image.,TreeSha - 3D Shape Retrieval with a Tree Graph Representation based on the Autodiffusion Function Topology.
Towards Recognizing of 3D Models Using A Single Image.,2D Scene Sketch-Based 3D Scene Retrieval.
Towards Recognizing of 3D Models Using A Single Image.,Exploiting the PANORAMA Representation for Convolutional Neural Network Classification and Retrieval.
Towards Recognizing of 3D Models Using A Single Image.,Symmetry and Fourier Descriptor - A Hybrid Feature For NURBS based B-Rep Models Retrieval.
Deformable Shape Retrieval with Missing Parts.,Energy-Efficient Transceiver Design for Hybrid Sub-Array Architecture MIMO Systems.
Deformable Shape Retrieval with Missing Parts.,"A portable, automatic data qantizer for deep neural networks."
Deformable Shape Retrieval with Missing Parts.,Completion of Cultural Heritage Objects with Rotational Symmetry.
Deformable Shape Retrieval with Missing Parts.,Exploiting the PANORAMA Representation for Convolutional Neural Network Classification and Retrieval.
Deformable Shape Retrieval with Missing Parts.,An Edit Distance for Reeb Graphs.
Large-Scale 3D Shape Retrieval from ShapeNet Core55.,Energy-Efficient Signalling in QoS Constrained Heterogeneous Networks.
Large-Scale 3D Shape Retrieval from ShapeNet Core55.,An Experimental Shape Matching Approach for Protein Docking.
Large-Scale 3D Shape Retrieval from ShapeNet Core55.,Towards the Extraction of Hierarchical Building Descriptions from 3D Indoor Scans.
Directed Curvature Histograms for Robotic Grasping.,Energy-Efficient Big Data Analytics in Datacenters.
Directed Curvature Histograms for Robotic Grasping.,Retrieval of Non-rigid (textured) Shapes Using Low Quality 3D Models.
Directed Curvature Histograms for Robotic Grasping.,Mobile version of Digital Image Correlation for deformation measurements of engineering objects.
Directed Curvature Histograms for Robotic Grasping.,Enhanced Industrial Machinery Condition Monitoring Methodology Based on Novelty Detection and Multi-Modal Analysis.
Directed Curvature Histograms for Robotic Grasping.,Energy-Efficient Signalling in QoS Constrained Heterogeneous Networks.
Exploiting the PANORAMA Representation for Convolutional Neural Network Classification and Retrieval.,Partial Shape Queries for 3D Object Retrieval.
Exploiting the PANORAMA Representation for Convolutional Neural Network Classification and Retrieval.,Manifold Harmonic Transform and Spatial Relationships for Partial 3D Object Retrieval.
3D Hand Gesture Recognition Using a Depth and Skeletal Dataset.,3D Volume Matching for Mesh Animation of Moving Actors.
3D Hand Gesture Recognition Using a Depth and Skeletal Dataset.,Automatic annotation of tasks in structured code.
3D Hand Gesture Recognition Using a Depth and Skeletal Dataset.,ThOR - Three-dimensional Object Retrieval Library.
Protein Shape Retrieval.,Protein Shape Retrieval.
Sketch-based 3D Object Retrieval with Skeleton Line Views - Initial Results and Research Problems.,Shape Retrieval of Low-Cost RGB-D Captures.
LightNet - A Lightweight 3D Convolutional Neural Network for Real-Time 3D Object Recognition.,Enhancing adaptability of amoeboid robot by synergetically coupling two decentralized controllers inspired by true slime mold.
LightNet - A Lightweight 3D Convolutional Neural Network for Real-Time 3D Object Recognition.,Energy-Efficient Indoor Localization of Smart Hand-Held Devices Using Bluetooth.
LightNet - A Lightweight 3D Convolutional Neural Network for Real-Time 3D Object Recognition.,Towards Scientific Benchmarks - On Increasing the Credibility of Benchmarks.
2D Image-Based 3D Scene Retrieval.,High-Fidelity Time-of-Flight Edge Sampling Using Superpixels.
2D Image-Based 3D Scene Retrieval.,The Canonically Posed 3D Objects Dataset.
2D Image-Based 3D Scene Retrieval.,Canonical Forms for Non-Rigid 3D Shape Retrieval.
Automatic Extraction of Complex 3D Structures Application to the Inner Ear Segmentation from Cone Beam CT Digital Volumes.,An Experimental Shape Matching Approach for Protein Docking.
Automatic Extraction of Complex 3D Structures Application to the Inner Ear Segmentation from Cone Beam CT Digital Volumes.,Indoor Location Retrieval using Shape Matching of KinectFusion Scans to Large-Scale Indoor Point Clouds.
Automatic Extraction of Complex 3D Structures Application to the Inner Ear Segmentation from Cone Beam CT Digital Volumes.,Energy-Efficient and SLA-Based Resource Management in Cloud Data Centers.
Recognition of Geometric Patterns Over 3D Models.,Sketch-based 3D Object Retrieval Using Two Views and a Visual Part Alignment.
Recognition of Geometric Patterns Over 3D Models.,Depth Assisted Composition of Synthetic and Real 3D Scenes.
Recognition of Geometric Patterns Over 3D Models.,2D Image-Based 3D Scene Retrieval.
Recognition of Geometric Patterns Over 3D Models.,Visualization of Recovery Situation in Disaster Area by Using Web Reservation Data.
Recognition of Geometric Patterns Over 3D Models.,Shape Similarity System driven by Digital Elevation Models for Non-rigid Shape Retrieval.
Experimental Similarity Assessment for a Collection of Fragmented Artifacts.,Person Re-Identification from Depth Cameras using Skeleton and 3D Face Data.
Experimental Similarity Assessment for a Collection of Fragmented Artifacts.,Mobile version of Digital Image Correlation for deformation measurements of engineering objects.
Experimental Similarity Assessment for a Collection of Fragmented Artifacts.,3D shape template generation from RGB-D images capturing a moving and deforming object.
Experimental Similarity Assessment for a Collection of Fragmented Artifacts.,Shape Retrieval of Low-Cost RGB-D Captures.
Microshapes - Efficient Querying of 3D Object Collections based on Local Shape.,Cost-driven thread coarsening for GPU kernels.
Protein Shape Retrieval.,RETRIEVAL 3D - An On-line Content-Based Retrieval Performance Evaluation Tool.
Protein Shape Retrieval.,Enhancing Agent Mediated Electronic Markets with Ontology Matching Services and Social Network Support.
Protein Shape Retrieval.,GSHOT - a Global Descriptor from SHOT to Reduce Time and Space Requirements.
Protein Shape Retrieval.,Towards an Observer-oriented Theory of Shape Comparison.
Geodesic-based 3D Shape Retrieval Using Sparse Autoencoders.,Building an Initialization Cipher Block with Two-Dimensional Operation and Random Parameters.
Geodesic-based 3D Shape Retrieval Using Sparse Autoencoders.,Energy-Efficient Power Control Algorithms in Massive MIMO Cognitive Radio Networks.
Geodesic-based 3D Shape Retrieval Using Sparse Autoencoders.,Enhanced Industrial Machinery Condition Monitoring Methodology Based on Novelty Detection and Multi-Modal Analysis.
Geodesic-based 3D Shape Retrieval Using Sparse Autoencoders.,Non-uniform resampling in perspective compensated large scale 3D visualization.
Non-rigid 3D Model Classification Using 3D Hahn Moment Convolutional Neural Networks.,A Spatio-Temporal Descriptor for Dynamic 3D Facial Expression Retrieval and Recognition.
Non-rigid 3D Model Classification Using 3D Hahn Moment Convolutional Neural Networks.,Mobile version of Digital Image Correlation for deformation measurements of engineering objects.
Person Re-Identification from Depth Cameras using Skeleton and 3D Face Data.,3D shape template generation from RGB-D images capturing a moving and deforming object.
Person Re-Identification from Depth Cameras using Skeleton and 3D Face Data.,Manifold Harmonic Transform and Spatial Relationships for Partial 3D Object Retrieval.
Person Re-Identification from Depth Cameras using Skeleton and 3D Face Data.,Automatic 3D Object Fracturing for Evaluation of Partial Retrieval and Object Restoration Tasks - Benchmark and Application to 3D Cultural Heritage Data.
Person Re-Identification from Depth Cameras using Skeleton and 3D Face Data.,High productivity thermal compression bonding for 3D-IC.
Person Re-Identification from Depth Cameras using Skeleton and 3D Face Data.,Protein Shape Retrieval.
RGB-D Object-to-CAD Retrieval.,Towards an Observer-oriented Theory of Shape Comparison.
RGB-D Object-to-CAD Retrieval.,Depth Assisted Composition of Synthetic and Real 3D Scenes.
RGB-D Object-to-CAD Retrieval.,PhiGARo - Automatic Phishing Detection and Incident Response Framework.
Completion of Cultural Heritage Objects with Rotational Symmetry.,High-Fidelity Time-of-Flight Edge Sampling Using Superpixels.
Completion of Cultural Heritage Objects with Rotational Symmetry.,Energy-Efficient Wireless Sensing for Level Set Estimations.
Edge-based LBP Description of Surfaces with Colorimetric Patterns.,Temporal Domain Stereo Matching based on Feature Points for Restriction of Error Propagation.
Edge-based LBP Description of Surfaces with Colorimetric Patterns.,RETRIEVAL 3D - An On-line Content-Based Retrieval Performance Evaluation Tool.
Edge-based LBP Description of Surfaces with Colorimetric Patterns.,An Evaluation of Local Feature Encodings for Shape Retrieval.
Edge-based LBP Description of Surfaces with Colorimetric Patterns.,Accelerating the Computation of Canonical Forms for 3D Nonrigid Objects using Multidimensional Scaling.
Edge-based LBP Description of Surfaces with Colorimetric Patterns.,Canonical Forms for Non-Rigid 3D Shape Retrieval.
Retrieval of Gray Patterns Depicted on 3D Models.,Protein Shape Retrieval.
Retrieval of Gray Patterns Depicted on 3D Models.,Markerless Motion Capture with Multi-view Structured Light.
Performing Image-like Convolution on Triangular Meshes.,Symmetry and Fourier Descriptor - A Hybrid Feature For NURBS based B-Rep Models Retrieval.
2D Scene Sketch-Based 3D Scene Retrieval.,Enhanced VANET broadcast throughput capacity via a dynamic backbone architecture.
2D Scene Sketch-Based 3D Scene Retrieval.,3D Mesh Unfolding via Semidefinite Programming.
2D Scene Sketch-Based 3D Scene Retrieval.,Canonical Forms for Non-Rigid 3D Shape Retrieval.
2D Scene Sketch-Based 3D Scene Retrieval.,Geodesic-based 3D Shape Retrieval Using Sparse Autoencoders.
Point Cloud Compression using Depth Maps.,Large Scale Comprehensive 3D Shape Retrieval.
Point Cloud Compression using Depth Maps.,RGB-D Object-to-CAD Retrieval.
Point Cloud Compression using Depth Maps.,PhiGARo - Automatic Phishing Detection and Incident Response Framework.
Point Cloud Compression using Depth Maps.,Biased reference counting - minimizing atomic operations in garbage collection.
Point Cloud Compression using Depth Maps.,Engineering commitment-based business protocols with the 2CL methodology.
Human detection from still depth images.,Enhancing adaptability of amoeboid robot by synergetically coupling two decentralized controllers inspired by true slime mold.
Human detection from still depth images.,The Canonically Posed 3D Objects Dataset.
Depth Assisted Composition of Synthetic and Real 3D Scenes.,An Experimental Shape Matching Approach for Protein Docking.
Depth Assisted Composition of Synthetic and Real 3D Scenes.,Point-Cloud Shape Retrieval of Non-Rigid Toys.
Markerless Motion Capture with Multi-view Structured Light.,E-PUR - an energy-efficient processing unit for recurrent neural networks.
Markerless Motion Capture with Multi-view Structured Light.,Shape Retrieval of Low-Cost RGB-D Captures.
Markerless Motion Capture with Multi-view Structured Light.,Towards the Extraction of Hierarchical Building Descriptions from 3D Indoor Scans.
High-Fidelity Time-of-Flight Edge Sampling Using Superpixels.,A Framework Based on Compressed Manifold Modes for Robust Local Spectral Analysis.
High-Fidelity Time-of-Flight Edge Sampling Using Superpixels.,LightNet - A Lightweight 3D Convolutional Neural Network for Real-Time 3D Object Recognition.
Structural internal deterioration detection with motion vector field image analysis using monocular camera.,VW-SLP - auto-vectorization with adaptive vector width.
Structural internal deterioration detection with motion vector field image analysis using monocular camera.,Transactional pre-abort handlers in hardware transactional memory.
Structural internal deterioration detection with motion vector field image analysis using monocular camera.,Non-rigid 3D Shape Retrieval.
Secure High Capacity Data Hiding for 3d Meshes.,Energy-Efficient Hybrid Precoding Design for Millimeter-Wave Massive MIMO Systems Via Coordinate Update Algorithms.
Secure High Capacity Data Hiding for 3d Meshes.,Indoor Location Retrieval using Shape Matching of KinectFusion Scans to Large-Scale Indoor Point Clouds.
Secure High Capacity Data Hiding for 3d Meshes.,High-Fidelity Time-of-Flight Edge Sampling Using Superpixels.
3D Autostereoscopic Display Image Generation Framework using Direct Light Field Rendering.,Depth Estimation Algorithm for Color Coded Aperture Camera.
3D Autostereoscopic Display Image Generation Framework using Direct Light Field Rendering.,Shape Similarity System driven by Digital Elevation Models for Non-rigid Shape Retrieval.
3D Autostereoscopic Display Image Generation Framework using Direct Light Field Rendering.,Point-Cloud Shape Retrieval of Non-Rigid Toys.
Truncated Signed Distance Function Volume Integration Based on Voxel-Level Optimization for 3D Reconstruction.,Automatic Location of Landmarks used in Manual Anthropometry.
Mobile version of Digital Image Correlation for deformation measurements of engineering objects.,Coulomb Shapes - Using Electrostatic Forces for Deformation-invariant Shape Representation.
Mobile version of Digital Image Correlation for deformation measurements of engineering objects.,Energy-Efficient Indoor Localization of Smart Hand-Held Devices Using Bluetooth.
Mobile version of Digital Image Correlation for deformation measurements of engineering objects.,Automatic 3D Object Fracturing for Evaluation of Partial Retrieval and Object Restoration Tasks - Benchmark and Application to 3D Cultural Heritage Data.
Temporal Domain Stereo Matching based on Feature Points for Restriction of Error Propagation.,3D Volume Matching for Mesh Animation of Moving Actors.
Temporal Domain Stereo Matching based on Feature Points for Restriction of Error Propagation.,Temporal Ensemble of Shape Functions.
Temporal Domain Stereo Matching based on Feature Points for Restriction of Error Propagation.,Manifold Harmonic Transform and Spatial Relationships for Partial 3D Object Retrieval.
Temporal Domain Stereo Matching based on Feature Points for Restriction of Error Propagation.,Hybrid optimization/heuristic instruction scheduling for programmable accelerator codesign.
Temporal Domain Stereo Matching based on Feature Points for Restriction of Error Propagation.,Enhancing Power Quality in Microgrids With a New Online Control Strategy for DSTATCOM Using Reinforcement Learning Algorithm.
Depth Estimation Algorithm for Color Coded Aperture Camera.,Energy-Efficient Context-Aware Matching for Resource Allocation in Ultra-Dense Small Cells.
Blue noise Sampling of surfaces from stereoscopic images.,Shape Retrieval of Low-Cost RGB-D Captures.
Blue noise Sampling of surfaces from stereoscopic images.,Coulomb Shapes - Using Electrostatic Forces for Deformation-invariant Shape Representation.
Blue noise Sampling of surfaces from stereoscopic images.,Engineering commitment-based business protocols with the 2CL methodology.
Non-uniform resampling in perspective compensated large scale 3D visualization.,Energy-Efficient Wireless Sensing for Level Set Estimations.
Non-uniform resampling in perspective compensated large scale 3D visualization.,Im2Fit - Fast 3D Model Fitting and Anthropometrics using Single Consumer Depth Camera and Synthetic Data.
Shadow Detection on 3D Point Cloud.,RETRIEVAL 3D - An On-line Content-Based Retrieval Performance Evaluation Tool.
Shadow Detection on 3D Point Cloud.,Completion of Cultural Heritage Objects with Rotational Symmetry.
Shadow Detection on 3D Point Cloud.,Non-uniform resampling in perspective compensated large scale 3D visualization.
Implementation of 3D Object Reconstruction Using Multiple Kinect Cameras.,Energy-Efficient Resource Allocation for Massive MIMO Amplify-and-Forward Relay Systems.
"Towards automated, high resolution 3D scanning of large surfaces for cultural heritage documentation.",Human detection from still depth images.
"Towards automated, high resolution 3D scanning of large surfaces for cultural heritage documentation.",PhiGARo - Automatic Phishing Detection and Incident Response Framework.
"Towards automated, high resolution 3D scanning of large surfaces for cultural heritage documentation.",Automatic 3D Object Fracturing for Evaluation of Partial Retrieval and Object Restoration Tasks - Benchmark and Application to 3D Cultural Heritage Data.
"Towards automated, high resolution 3D scanning of large surfaces for cultural heritage documentation.",Energy-Efficient Wireless Sensing for Level Set Estimations.
"Towards automated, high resolution 3D scanning of large surfaces for cultural heritage documentation.",Semantic Correspondence Across 3D Models for Example-based Modeling.
Efficient Filling of Disparity Holes Using Resolution Decoupling.,Protein Shape Retrieval.
Efficient Filling of Disparity Holes Using Resolution Decoupling.,Energy-Efficient Resource Allocation for Massive MIMO Amplify-and-Forward Relay Systems.
Efficient Filling of Disparity Holes Using Resolution Decoupling.,Partial 3D Object Retrieval combining Local Shape Descriptors with Global Fisher Vectors.
3D shape template generation from RGB-D images capturing a moving and deforming object.,GeoTopo - Dynamic 3D Facial Expression Retrieval Using Topological and Geometric Information.
3D shape template generation from RGB-D images capturing a moving and deforming object.,Energy-Efficient Big Data Analytics in Datacenters.
Im2Fit - Fast 3D Model Fitting and Anthropometrics using Single Consumer Depth Camera and Synthetic Data.,Fisher Encoding of Adaptive Fast Persistent Feature Histograms for Partial Retrieval of 3D Pottery Objects.
Im2Fit - Fast 3D Model Fitting and Anthropometrics using Single Consumer Depth Camera and Synthetic Data.,Unstructured Point Cloud Semantic Labeling Using Deep Segmentation Networks.
Im2Fit - Fast 3D Model Fitting and Anthropometrics using Single Consumer Depth Camera and Synthetic Data.,Cost-driven thread coarsening for GPU kernels.
Im2Fit - Fast 3D Model Fitting and Anthropometrics using Single Consumer Depth Camera and Synthetic Data.,Biased reference counting - minimizing atomic operations in garbage collection.
Towards concurrency race debugging - an integrated approach for constraint solving and dynamic slicing.,Non-rigid 3D Model Classification Using 3D Hahn Moment Convolutional Neural Networks.
Towards concurrency race debugging - an integrated approach for constraint solving and dynamic slicing.,Energy-Efficient Data Gathering Framework-Based Clustering via Multiple UAVs in Deadline-Based WSN Applications.
Towards concurrency race debugging - an integrated approach for constraint solving and dynamic slicing.,Symmetry and Fourier Descriptor - A Hybrid Feature For NURBS based B-Rep Models Retrieval.
Towards concurrency race debugging - an integrated approach for constraint solving and dynamic slicing.,Energy-Efficient Indoor Localization of Smart Hand-Held Devices Using Bluetooth.
Towards concurrency race debugging - an integrated approach for constraint solving and dynamic slicing.,2D Image-Based 3D Scene Retrieval.
Stencil codes on a vector length agnostic architecture.,GSHOT - a Global Descriptor from SHOT to Reduce Time and Space Requirements.
Stencil codes on a vector length agnostic architecture.,3D shape template generation from RGB-D images capturing a moving and deforming object.
Stencil codes on a vector length agnostic architecture.,On-the-fly workload partitioning for integrated CPU/GPU architectures.
Stencil codes on a vector length agnostic architecture.,Enhanced Transmit Antenna Selection Scheme for Secure Throughput Maximization Without CSI at the Transmitter.
Cost-driven thread coarsening for GPU kernels.,Symmetry and Fourier Descriptor - A Hybrid Feature For NURBS based B-Rep Models Retrieval.
Cost-driven thread coarsening for GPU kernels.,Similarity of Deforming Meshes Based on Spatio-temporal Segmentation.
Cost-driven thread coarsening for GPU kernels.,Energy-Efficient Power Control Algorithms in Massive MIMO Cognitive Radio Networks.
Log(graph) - a near-optimal high-performance graph representation.,Engagement Evaluation for Autism Intervention by Robots Based on Dynamic Bayesian Network and Expert Elicitation.
Log(graph) - a near-optimal high-performance graph representation.,Sketch-based 3D Object Retrieval with Skeleton Line Views - Initial Results and Research Problems.
Log(graph) - a near-optimal high-performance graph representation.,Extended Large Scale Sketch-Based 3D Shape Retrieval.
Log(graph) - a near-optimal high-performance graph representation.,Microshapes - Efficient Querying of 3D Object Collections based on Local Shape.
Maximizing system utilization via parallelism management for co-located parallel applications.,Large-Scale 3D Shape Retrieval from ShapeNet Core55.
On-the-fly workload partitioning for integrated CPU/GPU architectures.,Graphphi - efficient parallel graph processing on emerging throughput-oriented architectures.
Biased reference counting - minimizing atomic operations in garbage collection.,Guard-ring monitoring system for inspecting defects in TSV-based data buses.
Biased reference counting - minimizing atomic operations in garbage collection.,Human detection from still depth images.
Biased reference counting - minimizing atomic operations in garbage collection.,Protein Shape Retrieval.
Biased reference counting - minimizing atomic operations in garbage collection.,Geodesic-based 3D Shape Retrieval Using Sparse Autoencoders.
GMOD - a dynamic GPU memory overflow detector.,Enhancing Power Quality in Microgrids With a New Online Control Strategy for DSTATCOM Using Reinforcement Learning Algorithm.
GMOD - a dynamic GPU memory overflow detector.,3D Autostereoscopic Display Image Generation Framework using Direct Light Field Rendering.
GMOD - a dynamic GPU memory overflow detector.,Hypart - a hybrid technique for practical memory bandwidth partitioning on commodity servers.
GMOD - a dynamic GPU memory overflow detector.,Truncated Signed Distance Function Volume Integration Based on Voxel-Level Optimization for 3D Reconstruction.
GMOD - a dynamic GPU memory overflow detector.,Electrical investigation of Cu pumping in through-silicon vias for BEOL reliability in 3D integration.
Data motifs - a lens towards fully understanding big data and AI workloads.,Secure High Capacity Data Hiding for 3d Meshes.
Near-side prefetch throttling - adaptive prefetching for high-performance many-core processors.,Temporal Ensemble of Shape Functions.
Near-side prefetch throttling - adaptive prefetching for high-performance many-core processors.,Performance Measures of Behavior-Based Signatures - An Anti-malware Solution for Platforms with Limited Computing Resource.
Near-side prefetch throttling - adaptive prefetching for high-performance many-core processors.,Mage - online and interference-aware scheduling for multi-scale heterogeneous systems.
EAR - ECC-aided refresh reduction through 2-D zero compression.,3D system integration research at IMEC.
EAR - ECC-aided refresh reduction through 2-D zero compression.,3D Autostereoscopic Display Image Generation Framework using Direct Light Field Rendering.
EAR - ECC-aided refresh reduction through 2-D zero compression.,Energy-Efficient Data Gathering Framework-Based Clustering via Multiple UAVs in Deadline-Based WSN Applications.
EAR - ECC-aided refresh reduction through 2-D zero compression.,Retrieval and Classification on Textured 3D Models.
EAR - ECC-aided refresh reduction through 2-D zero compression.,Enhancing adaptability of amoeboid robot by synergetically coupling two decentralized controllers inspired by true slime mold.
Architectural support for convolutional neural networks on modern CPUs.,Enhancing Agent Mediated Electronic Markets with Ontology Matching Services and Social Network Support.
Architectural support for convolutional neural networks on modern CPUs.,3D Hand Gesture Recognition Using a Depth and Skeletal Dataset.
Architectural support for convolutional neural networks on modern CPUs.,Large-Scale 3D Shape Retrieval from ShapeNet Core55.
Revealing parallel scans and reductions in recurrences through function reconstruction.,3D Object Retrieval with Parametric Templates.
Revealing parallel scans and reductions in recurrences through function reconstruction.,Semantic Correspondence Across 3D Models for Example-based Modeling.
Revealing parallel scans and reductions in recurrences through function reconstruction.,Efficient Filling of Disparity Holes Using Resolution Decoupling.
Revealing parallel scans and reductions in recurrences through function reconstruction.,Compiler assisted coalescing.
Revealing parallel scans and reductions in recurrences through function reconstruction.,Depth Assisted Composition of Synthetic and Real 3D Scenes.
Cimple - instruction and memory level parallelism - a DSL for uncovering ILP and MLP.,Enhancing comparison shopping agents through ordering and gradual information disclosure.
ComP-net - command processor networking for efficient intra-kernel communications on GPUs.,Large Scale Comprehensive 3D Shape Retrieval.
ComP-net - command processor networking for efficient intra-kernel communications on GPUs.,Randomized Sub-Volume Partitioning for Part-Based 3D Model Retrieval.
ComP-net - command processor networking for efficient intra-kernel communications on GPUs.,Performance Measures of Behavior-Based Signatures - An Anti-malware Solution for Platforms with Limited Computing Resource.
ComP-net - command processor networking for efficient intra-kernel communications on GPUs.,Microshapes - Efficient Querying of 3D Object Collections based on Local Shape.
3D-Xpath - high-density managed DRAM architecture with cost-effective alternative paths for memory transactions.,Maximizing system utilization via parallelism management for co-located parallel applications.
3D-Xpath - high-density managed DRAM architecture with cost-effective alternative paths for memory transactions.,MemoDyn - exploiting weakly consistent data structures for dynamic parallel memoization.
3D-Xpath - high-density managed DRAM architecture with cost-effective alternative paths for memory transactions.,Building an Initialization Cipher Block with Two-Dimensional Operation and Random Parameters.
3D-Xpath - high-density managed DRAM architecture with cost-effective alternative paths for memory transactions.,Protein Shape Retrieval.
Performance extraction and suitability analysis of multi- and many-core architectures for next generation sequencing secondary analysis.,Towards Scientific Benchmarks - On Increasing the Credibility of Benchmarks.
Performance extraction and suitability analysis of multi- and many-core architectures for next generation sequencing secondary analysis.,Enhancing Agent Mediated Electronic Markets with Ontology Matching Services and Social Network Support.
Hybrid optimization/heuristic instruction scheduling for programmable accelerator codesign.,RETRIEVAL 3D - An On-line Content-Based Retrieval Performance Evaluation Tool.
Hybrid optimization/heuristic instruction scheduling for programmable accelerator codesign.,Secure High Capacity Data Hiding for 3d Meshes.
"A portable, automatic data qantizer for deep neural networks.",Engagement Evaluation for Autism Intervention by Robots Based on Dynamic Bayesian Network and Expert Elicitation.
"A portable, automatic data qantizer for deep neural networks.",3D-Xpath - high-density managed DRAM architecture with cost-effective alternative paths for memory transactions.
Synergistic cache layout for reuse and compression.,3D Objects Exploration - Guidelines for Future Research.
Transactional pre-abort handlers in hardware transactional memory.,Energy-Efficient Hybrid Precoding Design for Millimeter-Wave Massive MIMO Systems Via Coordinate Update Algorithms.
Transactional pre-abort handlers in hardware transactional memory.,Engagement Evaluation for Autism Intervention by Robots Based on Dynamic Bayesian Network and Expert Elicitation.
Transactional pre-abort handlers in hardware transactional memory.,Retrieval of Gray Patterns Depicted on 3D Models.
Hypart - a hybrid technique for practical memory bandwidth partitioning on commodity servers.,Partial 3D Object Retrieval combining Local Shape Descriptors with Global Fisher Vectors.
Hypart - a hybrid technique for practical memory bandwidth partitioning on commodity servers.,Revealing parallel scans and reductions in recurrences through function reconstruction.
Hypart - a hybrid technique for practical memory bandwidth partitioning on commodity servers.,RGB-D Object-to-CAD Retrieval.
Graphphi - efficient parallel graph processing on emerging throughput-oriented architectures.,Automatic annotation of tasks in structured code.
Graphphi - efficient parallel graph processing on emerging throughput-oriented architectures.,Accelerating the Computation of Canonical Forms for 3D Nonrigid Objects using Multidimensional Scaling.
Graphphi - efficient parallel graph processing on emerging throughput-oriented architectures.,Partial Shape Queries for 3D Object Retrieval.
Graphphi - efficient parallel graph processing on emerging throughput-oriented architectures.,Morphological Analysis of 3D Faces for Weight Gain Assessment.
Graphphi - efficient parallel graph processing on emerging throughput-oriented architectures.,A Descriptor for Voxel Shapes Based on the Skeleton Cut Space.
Cost effective speculation with the omnipredictor.,Retrieval of Non-rigid (textured) Shapes Using Low Quality 3D Models.
VW-SLP - auto-vectorization with adaptive vector width.,Engagement Evaluation for Autism Intervention by Robots Based on Dynamic Bayesian Network and Expert Elicitation.
VW-SLP - auto-vectorization with adaptive vector width.,Similarity of Deforming Meshes Based on Spatio-temporal Segmentation.
VW-SLP - auto-vectorization with adaptive vector width.,Partial Matching of Deformable Shapes.
VW-SLP - auto-vectorization with adaptive vector width.,Retrieval of Gray Patterns Depicted on 3D Models.
MemoDyn - exploiting weakly consistent data structures for dynamic parallel memoization.,EAR - ECC-aided refresh reduction through 2-D zero compression.
MemoDyn - exploiting weakly consistent data structures for dynamic parallel memoization.,Graphphi - efficient parallel graph processing on emerging throughput-oriented architectures.
Compiler assisted coalescing.,Protein Shape Retrieval.
Automatic annotation of tasks in structured code.,3D-Xpath - high-density managed DRAM architecture with cost-effective alternative paths for memory transactions.
Automatic annotation of tasks in structured code.,High productivity thermal compression bonding for 3D-IC.
Automatic annotation of tasks in structured code.,High-Fidelity Time-of-Flight Edge Sampling Using Superpixels.
Automatic annotation of tasks in structured code.,Extended Large Scale Sketch-Based 3D Shape Retrieval.
Automatic annotation of tasks in structured code.,A Framework Based on Compressed Manifold Modes for Robust Local Spectral Analysis.
Mage - online and interference-aware scheduling for multi-scale heterogeneous systems.,Unstructured Point Cloud Semantic Labeling Using Deep Segmentation Networks.
Mage - online and interference-aware scheduling for multi-scale heterogeneous systems.,Retrieval of Non-rigid (textured) Shapes Using Low Quality 3D Models.
Mage - online and interference-aware scheduling for multi-scale heterogeneous systems.,Graphphi - efficient parallel graph processing on emerging throughput-oriented architectures.
E-PUR - an energy-efficient processing unit for recurrent neural networks.,RGB-D to CAD Retrieval with ObjectNN Dataset.
E-PUR - an energy-efficient processing unit for recurrent neural networks.,Extended Large Scale Sketch-Based 3D Shape Retrieval.
E-PUR - an energy-efficient processing unit for recurrent neural networks.,GeoTopo - Dynamic 3D Facial Expression Retrieval Using Topological and Geometric Information.
Energy-Efficient and SLA-Based Resource Management in Cloud Data Centers.,Mobile version of Digital Image Correlation for deformation measurements of engineering objects.
Energy-Efficient and SLA-Based Resource Management in Cloud Data Centers.,3D Sketch-Based 3D Shape Retrieval.
Energy-Efficient and SLA-Based Resource Management in Cloud Data Centers.,Structural internal deterioration detection with motion vector field image analysis using monocular camera.
Energy-Efficient and SLA-Based Resource Management in Cloud Data Centers.,Electrical investigation of Cu pumping in through-silicon vias for BEOL reliability in 3D integration.
Energy-Efficient Big Data Analytics in Datacenters.,3D Mesh Unfolding via Semidefinite Programming.
Energy-Efficient Context-Aware Matching for Resource Allocation in Ultra-Dense Small Cells.,Point Cloud Compression using Depth Maps.
Energy-Efficient Context-Aware Matching for Resource Allocation in Ultra-Dense Small Cells.,Maximizing system utilization via parallelism management for co-located parallel applications.
Energy-Efficient Context-Aware Matching for Resource Allocation in Ultra-Dense Small Cells.,Shape Retrieval and 3D Gestural Interaction.
Energy-Efficient Context-Aware Matching for Resource Allocation in Ultra-Dense Small Cells.,LightNet - A Lightweight 3D Convolutional Neural Network for Real-Time 3D Object Recognition.
Energy-Efficient Data Gathering Framework-Based Clustering via Multiple UAVs in Deadline-Based WSN Applications.,Engagement Evaluation for Autism Intervention by Robots Based on Dynamic Bayesian Network and Expert Elicitation.
Energy-Efficient Data Gathering Framework-Based Clustering via Multiple UAVs in Deadline-Based WSN Applications.,Enhancing decentralized service discovery in open service-oriented multi-agent systems.
Energy-Efficient Data Gathering Framework-Based Clustering via Multiple UAVs in Deadline-Based WSN Applications.,Maximizing system utilization via parallelism management for co-located parallel applications.
Energy-Efficient Hybrid Precoding Design for Millimeter-Wave Massive MIMO Systems Via Coordinate Update Algorithms.,Enhancing comparison shopping agents through ordering and gradual information disclosure.
Energy-Efficient Indoor Localization of Smart Hand-Held Devices Using Bluetooth.,Implementation of 3D Object Reconstruction Using Multiple Kinect Cameras.
Energy-Efficient Indoor Localization of Smart Hand-Held Devices Using Bluetooth.,An Experimental Shape Matching Approach for Protein Docking.
Energy-Efficient Indoor Localization of Smart Hand-Held Devices Using Bluetooth.,Blue noise Sampling of surfaces from stereoscopic images.
Energy-Efficient Joint Power Allocation in Uplink Massive MIMO Cognitive Radio Networks With Imperfect CSI.,Depth Assisted Composition of Synthetic and Real 3D Scenes.
Energy-Efficient Joint Power Allocation in Uplink Massive MIMO Cognitive Radio Networks With Imperfect CSI.,Energy-Efficient Wireless Sensing for Level Set Estimations.
Energy-Efficient Joint Power Allocation in Uplink Massive MIMO Cognitive Radio Networks With Imperfect CSI.,Architectural support for convolutional neural networks on modern CPUs.
Energy-Efficient Joint Power Allocation in Uplink Massive MIMO Cognitive Radio Networks With Imperfect CSI.,Energy-Efficient Data Gathering Framework-Based Clustering via Multiple UAVs in Deadline-Based WSN Applications.
Energy-Efficient Joint Power Allocation in Uplink Massive MIMO Cognitive Radio Networks With Imperfect CSI.,Energy-Efficient Hybrid Precoding Design for Millimeter-Wave Massive MIMO Systems Via Coordinate Update Algorithms.
Energy-Efficient Power Control Algorithms in Massive MIMO Cognitive Radio Networks.,Unstructured Point Cloud Semantic Labeling Using Deep Segmentation Networks.
Energy-Efficient Resource Allocation for Massive MIMO Amplify-and-Forward Relay Systems.,Energy-Efficient Big Data Analytics in Datacenters.
Energy-Efficient Resource Allocation for Massive MIMO Amplify-and-Forward Relay Systems.,Markerless Motion Capture with Multi-view Structured Light.
Energy-Efficient Resource Allocation for Massive MIMO Amplify-and-Forward Relay Systems.,Visualization of Recovery Situation in Disaster Area by Using Web Reservation Data.
Energy-Efficient Signalling in QoS Constrained Heterogeneous Networks.,Large-Scale 3D Shape Retrieval from ShapeNet Core55.
Energy-Efficient Signalling in QoS Constrained Heterogeneous Networks.,Biased reference counting - minimizing atomic operations in garbage collection.
Energy-Efficient Signalling in QoS Constrained Heterogeneous Networks.,Visualization of Recovery Situation in Disaster Area by Using Web Reservation Data.
Energy-Efficient Tracking and Localization of Objects in Wireless Sensor Networks.,Enhancing comparison shopping agents through ordering and gradual information disclosure.
Energy-Efficient Tracking and Localization of Objects in Wireless Sensor Networks.,Range Scans based 3D Shape Retrieval.
Energy-Efficient Transceiver Design for Hybrid Sub-Array Architecture MIMO Systems.,Non-uniform resampling in perspective compensated large scale 3D visualization.
Energy-Efficient WiFi Offloading and Network Management in Heterogeneous Wireless Networks.,Microshapes - Efficient Querying of 3D Object Collections based on Local Shape.
Energy-Efficient WiFi Offloading and Network Management in Heterogeneous Wireless Networks.,Automatic 3D Object Fracturing for Evaluation of Partial Retrieval and Object Restoration Tasks - Benchmark and Application to 3D Cultural Heritage Data.
Energy-Efficient Wireless Sensing for Level Set Estimations.,Human detection from still depth images.
Energy-Efficient Wireless Sensing for Level Set Estimations.,Mage - online and interference-aware scheduling for multi-scale heterogeneous systems.
Engagement Evaluation for Autism Intervention by Robots Based on Dynamic Bayesian Network and Expert Elicitation.,Engineering commitment-based business protocols with the 2CL methodology.
Engineering commitment-based business protocols with the 2CL methodology.,Shadow Detection on 3D Point Cloud.
Enhanced Forensic Speaker Verification Using a Combination of DWT and MFCC Feature Warping in the Presence of Noise and Reverberation Conditions.,Blue noise Sampling of surfaces from stereoscopic images.
"Enhanced Human Face Recognition Using LBPH Descriptor, Multi-KNN, and Back-Propagation Neural Network.",Human detection from still depth images.
"Enhanced Human Face Recognition Using LBPH Descriptor, Multi-KNN, and Back-Propagation Neural Network.",Semantic Correspondence Across 3D Models for Example-based Modeling.
"Enhanced Human Face Recognition Using LBPH Descriptor, Multi-KNN, and Back-Propagation Neural Network.",Energy-Efficient Power Control Algorithms in Massive MIMO Cognitive Radio Networks.
"Enhanced Human Face Recognition Using LBPH Descriptor, Multi-KNN, and Back-Propagation Neural Network.",Performing Image-like Convolution on Triangular Meshes.
"Enhanced Human Face Recognition Using LBPH Descriptor, Multi-KNN, and Back-Propagation Neural Network.",Edge-based LBP Description of Surfaces with Colorimetric Patterns.
Enhanced Industrial Machinery Condition Monitoring Methodology Based on Novelty Detection and Multi-Modal Analysis.,Transactional pre-abort handlers in hardware transactional memory.
Enhanced Industrial Machinery Condition Monitoring Methodology Based on Novelty Detection and Multi-Modal Analysis.,TreeSha - 3D Shape Retrieval with a Tree Graph Representation based on the Autodiffusion Function Topology.
Enhanced Industrial Machinery Condition Monitoring Methodology Based on Novelty Detection and Multi-Modal Analysis.,PhiGARo - Automatic Phishing Detection and Incident Response Framework.
Enhanced Transmit Antenna Selection Scheme for Secure Throughput Maximization Without CSI at the Transmitter.,Blue noise Sampling of surfaces from stereoscopic images.
Enhanced Transmit Antenna Selection Scheme for Secure Throughput Maximization Without CSI at the Transmitter.,Towards Scientific Benchmarks - On Increasing the Credibility of Benchmarks.
Enhanced Transmit Antenna Selection Scheme for Secure Throughput Maximization Without CSI at the Transmitter.,Cost effective speculation with the omnipredictor.
Enhanced Transmit Antenna Selection Scheme for Secure Throughput Maximization Without CSI at the Transmitter.,"Crosstalk-included eye-diagram estimation for high-speed silicon, organic, and glass interposer channels on 2.5D/3D IC."
Enhanced Transmit Antenna Selection Scheme for Secure Throughput Maximization Without CSI at the Transmitter.,Large-Scale 3D Shape Retrieval from ShapeNet Core55.
Enhanced VANET broadcast throughput capacity via a dynamic backbone architecture.,Exploiting the PANORAMA Representation for Convolutional Neural Network Classification and Retrieval.
Enhanced VANET broadcast throughput capacity via a dynamic backbone architecture.,Energy-Efficient Indoor Localization of Smart Hand-Held Devices Using Bluetooth.
Enhanced VANET broadcast throughput capacity via a dynamic backbone architecture.,"Crosstalk-included eye-diagram estimation for high-speed silicon, organic, and glass interposer channels on 2.5D/3D IC."
Enhanced VANET broadcast throughput capacity via a dynamic backbone architecture.,Partial Shape Queries for 3D Object Retrieval.
Enhanced VANET broadcast throughput capacity via a dynamic backbone architecture.,Energy-Efficient Wireless Sensing for Level Set Estimations.
Enhancing adaptability of amoeboid robot by synergetically coupling two decentralized controllers inspired by true slime mold.,Similarity of Deforming Meshes Based on Spatio-temporal Segmentation.
Enhancing adaptability of amoeboid robot by synergetically coupling two decentralized controllers inspired by true slime mold.,Large Scale Comprehensive 3D Shape Retrieval.
Enhancing adaptability of amoeboid robot by synergetically coupling two decentralized controllers inspired by true slime mold.,Partial 3D Object Retrieval combining Local Shape Descriptors with Global Fisher Vectors.
Enhancing Agent Mediated Electronic Markets with Ontology Matching Services and Social Network Support.,EAR - ECC-aided refresh reduction through 2-D zero compression.
Enhancing Agent Mediated Electronic Markets with Ontology Matching Services and Social Network Support.,Energy-Efficient Joint Power Allocation in Uplink Massive MIMO Cognitive Radio Networks With Imperfect CSI.
Enhancing Agent Mediated Electronic Markets with Ontology Matching Services and Social Network Support.,Enhancing Power Quality in Microgrids With a New Online Control Strategy for DSTATCOM Using Reinforcement Learning Algorithm.
Enhancing Agent Mediated Electronic Markets with Ontology Matching Services and Social Network Support.,Large Scale Comprehensive 3D Shape Retrieval.
Enhancing comparison shopping agents through ordering and gradual information disclosure.,MemoDyn - exploiting weakly consistent data structures for dynamic parallel memoization.
Enhancing comparison shopping agents through ordering and gradual information disclosure.,TreeSha - 3D Shape Retrieval with a Tree Graph Representation based on the Autodiffusion Function Topology.
Enhancing comparison shopping agents through ordering and gradual information disclosure.,GSHOT - a Global Descriptor from SHOT to Reduce Time and Space Requirements.
Enhancing comparison shopping agents through ordering and gradual information disclosure.,Cost effective speculation with the omnipredictor.
Enhancing decentralized service discovery in open service-oriented multi-agent systems.,Depth Assisted Composition of Synthetic and Real 3D Scenes.
Enhancing decentralized service discovery in open service-oriented multi-agent systems.,Data motifs - a lens towards fully understanding big data and AI workloads.
Enhancing Power Quality in Microgrids With a New Online Control Strategy for DSTATCOM Using Reinforcement Learning Algorithm.,Towards Recognizing of 3D Models Using A Single Image.
