author,title,,
Borut Zalik,Mobile Computing is not Always Advantageous - Lessons Learned from a Real-World Case Study in a Hospital.,,
Matjaz Debevc,Mobile Computing is not Always Advantageous - Lessons Learned from a Real-World Case Study in a Hospital.,,
Chantal Lidynia,Mobile Computing is not Always Advantageous - Lessons Learned from a Real-World Case Study in a Hospital.,,
André Calero Valdez,Mobile Computing is not Always Advantageous - Lessons Learned from a Real-World Case Study in a Hospital.,,
Carsten Röcker,Mobile Computing is not Always Advantageous - Lessons Learned from a Real-World Case Study in a Hospital.,,
Martina Ziefle,Mobile Computing is not Always Advantageous - Lessons Learned from a Real-World Case Study in a Hospital.,,
Yi-Li Huang,Building an Initialization Cipher Block with Two-Dimensional Operation and Random Parameters.,,
Fang-Yie Leu,Building an Initialization Cipher Block with Two-Dimensional Operation and Random Parameters.,,
Ilsun You,Building an Initialization Cipher Block with Two-Dimensional Operation and Random Parameters.,,
Jing-Hao Yang,Building an Initialization Cipher Block with Two-Dimensional Operation and Random Parameters.,,
Kelly Hughes,Performance Measures of Behavior-Based Signatures - An Anti-malware Solution for Platforms with Limited Computing Resource.,,
Yanzhen Qu,Performance Measures of Behavior-Based Signatures - An Anti-malware Solution for Platforms with Limited Computing Resource.,,
Martin Husák,PhiGARo - Automatic Phishing Detection and Incident Response Framework.,,
Jakub Cegan,PhiGARo - Automatic Phishing Detection and Incident Response Framework.,,
Yu Ichifuji,Visualization of Recovery Situation in Disaster Area by Using Web Reservation Data.,,
Noboru Sonehara,Visualization of Recovery Situation in Disaster Area by Using Web Reservation Data.,,
Yuuki Araga,Guard-ring monitoring system for inspecting defects in TSV-based data buses.,,
Kikuchi Katsuya,Guard-ring monitoring system for inspecting defects in TSV-based data buses.,,
Masahiro Aoyagi,Guard-ring monitoring system for inspecting defects in TSV-based data buses.,,
Noboru Asahi,High productivity thermal compression bonding for 3D-IC.,,
Yoshinori Miyamoto,High productivity thermal compression bonding for 3D-IC.,,
Masatsugu Nimura,High productivity thermal compression bonding for 3D-IC.,,
Yoshihito Mizutani,High productivity thermal compression bonding for 3D-IC.,,
Yoshiyuki Arai,High productivity thermal compression bonding for 3D-IC.,,
Rozalia Beica,3D integration - Applications and market trends.,,
Eric Beyne,3D system integration research at IMEC.,,
Bui Thanh Tung,Twice-etched silicon approach for via-last through-silicon-via with a Parylene-HT liner.,,
Naoya Watanabe,Twice-etched silicon approach for via-last through-silicon-via with a Parylene-HT liner.,,
Masahiro Aoyagi,Twice-etched silicon approach for via-last through-silicon-via with a Parylene-HT liner.,,
Katsuya Kikuchi,Twice-etched silicon approach for via-last through-silicon-via with a Parylene-HT liner.,,
Chuan-An Cheng,Electrical investigation of Cu pumping in through-silicon vias for BEOL reliability in 3D integration.,,
Ryuichi Sugie,Electrical investigation of Cu pumping in through-silicon vias for BEOL reliability in 3D integration.,,
Tomoyuki Uchida,Electrical investigation of Cu pumping in through-silicon vias for BEOL reliability in 3D integration.,,
Kou-Hua Chen,Electrical investigation of Cu pumping in through-silicon vias for BEOL reliability in 3D integration.,,
Chi-Tsung Chiu,Electrical investigation of Cu pumping in through-silicon vias for BEOL reliability in 3D integration.,,
Kuan-Neng Chen,Electrical investigation of Cu pumping in through-silicon vias for BEOL reliability in 3D integration.,,
Sumin Choi,"Crosstalk-included eye-diagram estimation for high-speed silicon, organic, and glass interposer channels on 2.5D/3D IC.",,
Heegon Kim,"Crosstalk-included eye-diagram estimation for high-speed silicon, organic, and glass interposer channels on 2.5D/3D IC.",,
Daniel H. Jung,"Crosstalk-included eye-diagram estimation for high-speed silicon, organic, and glass interposer channels on 2.5D/3D IC.",,
Jonghoon J. Kim,"Crosstalk-included eye-diagram estimation for high-speed silicon, organic, and glass interposer channels on 2.5D/3D IC.",,
Jaemin Lim,"Crosstalk-included eye-diagram estimation for high-speed silicon, organic, and glass interposer channels on 2.5D/3D IC.",,
Hyunsuk Lee,"Crosstalk-included eye-diagram estimation for high-speed silicon, organic, and glass interposer channels on 2.5D/3D IC.",,
Kyungjun Cho,"Crosstalk-included eye-diagram estimation for high-speed silicon, organic, and glass interposer channels on 2.5D/3D IC.",,
Joungho Kim,"Crosstalk-included eye-diagram estimation for high-speed silicon, organic, and glass interposer channels on 2.5D/3D IC.",,
Hyungsoo Kim,"Crosstalk-included eye-diagram estimation for high-speed silicon, organic, and glass interposer channels on 2.5D/3D IC.",,
Yong-Ju Kim,"Crosstalk-included eye-diagram estimation for high-speed silicon, organic, and glass interposer channels on 2.5D/3D IC.",,
Yunsaing Kim,"Crosstalk-included eye-diagram estimation for high-speed silicon, organic, and glass interposer channels on 2.5D/3D IC.",,
Yuan Yuan Dai,Copper micro and nano particles mixture for 3D interconnections application.,,
Mei Zhen Ng,Copper micro and nano particles mixture for 3D interconnections application.,,
P. Anantha,Copper micro and nano particles mixture for 3D interconnections application.,,
Chee Lip Gan,Copper micro and nano particles mixture for 3D interconnections application.,,
Chuan Seng Tan,Copper micro and nano particles mixture for 3D interconnections application.,,
Mohamed N. ElBahey,Proposed static timing analysis framework for extracted 3D integrated circuits (3D-STA).,,
DiaaEldin S. Khalil,Proposed static timing analysis framework for extracted 3D integrated circuits (3D-STA).,,
Hani Fikry Ragai,Proposed static timing analysis framework for extracted 3D integrated circuits (3D-STA).,,
Paul D. Franzon,Computing in 3D.,,
Eric Rotenberg,Computing in 3D.,,
James Tuck,Computing in 3D.,,
Silvia Biasotti,Retrieval and Classification on Textured 3D Models.,,
Andrea Cerri,Retrieval and Classification on Textured 3D Models.,,
Mostafa Abdelrahman,Retrieval and Classification on Textured 3D Models.,,
Masaki Aono,Retrieval and Classification on Textured 3D Models.,,
Abdessamad Ben Hamza,Retrieval and Classification on Textured 3D Models.,,
Moumen T. El-Melegy,Retrieval and Classification on Textured 3D Models.,,
Aly A. Farag,Retrieval and Classification on Textured 3D Models.,,
Valeria Garro,Retrieval and Classification on Textured 3D Models.,,
Andrea Giachetti 0001,Retrieval and Classification on Textured 3D Models.,,
Daniela Giorgi,Retrieval and Classification on Textured 3D Models.,,
Afzal Godil,Retrieval and Classification on Textured 3D Models.,,
C. Li,Retrieval and Classification on Textured 3D Models.,,
Y.-J. Liu,Retrieval and Classification on Textured 3D Models.,,
H. Y. Martono,Retrieval and Classification on Textured 3D Models.,,
Chika Sanada,Retrieval and Classification on Textured 3D Models.,,
Atsushi Tatsuma,Retrieval and Classification on Textured 3D Models.,,
Santiago Velasco-Forero,Retrieval and Classification on Textured 3D Models.,,
C.-X. Xu,Retrieval and Classification on Textured 3D Models.,,
Ludovic Blache,3D Volume Matching for Mesh Animation of Moving Actors.,,
Céline Loscos,3D Volume Matching for Mesh Animation of Moving Actors.,,
Olivier Nocent,3D Volume Matching for Mesh Animation of Moving Actors.,,
Laurent Lucas,3D Volume Matching for Mesh Animation of Moving Actors.,,
Davide Boscaini,Coulomb Shapes - Using Electrostatic Forces for Deformation-invariant Shape Representation.,,
Ramunas Girdziusas,Coulomb Shapes - Using Electrostatic Forces for Deformation-invariant Shape Representation.,,
Michael M. Bronstein,Coulomb Shapes - Using Electrostatic Forces for Deformation-invariant Shape Representation.,,
Karla Brkic,Temporal Ensemble of Shape Functions.,,
Aitor Aldoma,Temporal Ensemble of Shape Functions.,,
Markus Vincze,Temporal Ensemble of Shape Functions.,,
Sinisa Segvic,Temporal Ensemble of Shape Functions.,,
Zoran Kalafatic,Temporal Ensemble of Shape Functions.,,
Antonios Danelakis,GeoTopo - Dynamic 3D Facial Expression Retrieval Using Topological and Geometric Information.,,
Theoharis Theoharis,GeoTopo - Dynamic 3D Facial Expression Retrieval Using Topological and Geometric Information.,,
Ioannis Pratikakis,GeoTopo - Dynamic 3D Facial Expression Retrieval Using Topological and Geometric Information.,,
Quoc-Viet Dang,Symmetry and Fourier Descriptor - A Hybrid Feature For NURBS based B-Rep Models Retrieval.,,
Géraldine Morin,Symmetry and Fourier Descriptor - A Hybrid Feature For NURBS based B-Rep Models Retrieval.,,
Sandrine Mouysset,Symmetry and Fourier Descriptor - A Hybrid Feature For NURBS based B-Rep Models Retrieval.,,
Valeria Garro,TreeSha - 3D Shape Retrieval with a Tree Graph Representation based on the Autodiffusion Function Topology.,,
Andrea Giachetti 0001,TreeSha - 3D Shape Retrieval with a Tree Graph Representation based on the Autodiffusion Function Topology.,,
Andrea Giachetti 0001,Automatic Location of Landmarks used in Manual Anthropometry.,,
E. Mazzi,Automatic Location of Landmarks used in Manual Anthropometry.,,
Francesco Piscitelli,Automatic Location of Landmarks used in Manual Anthropometry.,,
Masaki Aono,Automatic Location of Landmarks used in Manual Anthropometry.,,
A. Ben Hamza,Automatic Location of Landmarks used in Manual Anthropometry.,,
Thomas Bonis,Automatic Location of Landmarks used in Manual Anthropometry.,,
Peter Claes,Automatic Location of Landmarks used in Manual Anthropometry.,,
Afzal Godil,Automatic Location of Landmarks used in Manual Anthropometry.,,
Chunyuan Li,Automatic Location of Landmarks used in Manual Anthropometry.,,
Maks Ovsjanikov,Automatic Location of Landmarks used in Manual Anthropometry.,,
Viorica Patraucean,Automatic Location of Landmarks used in Manual Anthropometry.,,
Chang Shu 0001,Automatic Location of Landmarks used in Manual Anthropometry.,,
J. Snyders,Automatic Location of Landmarks used in Manual Anthropometry.,,
Paul Suetens,Automatic Location of Landmarks used in Manual Anthropometry.,,
Atsushi Tatsuma,Automatic Location of Landmarks used in Manual Anthropometry.,,
Dirk Vandermeulen,Automatic Location of Landmarks used in Manual Anthropometry.,,
Stefanie Wuhrer,Automatic Location of Landmarks used in Manual Anthropometry.,,
Pengcheng Xi,Automatic Location of Landmarks used in Manual Anthropometry.,,
Nguyen Vu Hoàng,Manifold Harmonic Transform and Spatial Relationships for Partial 3D Object Retrieval.,,
Valérie Gouet-Brunet,Manifold Harmonic Transform and Spatial Relationships for Partial 3D Object Retrieval.,,
Bo Li 0013,Extended Large Scale Sketch-Based 3D Shape Retrieval.,,
Y. Lu,Extended Large Scale Sketch-Based 3D Shape Retrieval.,,
C. Li,Extended Large Scale Sketch-Based 3D Shape Retrieval.,,
Afzal Godil,Extended Large Scale Sketch-Based 3D Shape Retrieval.,,
Tobias Schreck,Extended Large Scale Sketch-Based 3D Shape Retrieval.,,
Masaki Aono,Extended Large Scale Sketch-Based 3D Shape Retrieval.,,
Martin Burtscher,Extended Large Scale Sketch-Based 3D Shape Retrieval.,,
Hongbo Fu,Extended Large Scale Sketch-Based 3D Shape Retrieval.,,
Takahiko Furuya,Extended Large Scale Sketch-Based 3D Shape Retrieval.,,
Henry Johan,Extended Large Scale Sketch-Based 3D Shape Retrieval.,,
Jianzhuang Liu,Extended Large Scale Sketch-Based 3D Shape Retrieval.,,
Ryutarou Ohbuchi,Extended Large Scale Sketch-Based 3D Shape Retrieval.,,
Atsushi Tatsuma,Extended Large Scale Sketch-Based 3D Shape Retrieval.,,
Changqing Zou,Extended Large Scale Sketch-Based 3D Shape Retrieval.,,
Bo Li 0013,Large Scale Comprehensive 3D Shape Retrieval.,,
Y. Lu,Large Scale Comprehensive 3D Shape Retrieval.,,
C. Li,Large Scale Comprehensive 3D Shape Retrieval.,,
Afzal Godil,Large Scale Comprehensive 3D Shape Retrieval.,,
Tobias Schreck,Large Scale Comprehensive 3D Shape Retrieval.,,
Masaki Aono,Large Scale Comprehensive 3D Shape Retrieval.,,
Qiang Chen,Large Scale Comprehensive 3D Shape Retrieval.,,
Nihad Karim Chowdhury,Large Scale Comprehensive 3D Shape Retrieval.,,
Bin Fang,Large Scale Comprehensive 3D Shape Retrieval.,,
Takahiko Furuya,Large Scale Comprehensive 3D Shape Retrieval.,,
Henry Johan,Large Scale Comprehensive 3D Shape Retrieval.,,
Ryuichi Kosaka,Large Scale Comprehensive 3D Shape Retrieval.,,
Hitoshi Koyanagi,Large Scale Comprehensive 3D Shape Retrieval.,,
Ryutarou Ohbuchi,Large Scale Comprehensive 3D Shape Retrieval.,,
Atsushi Tatsuma,Large Scale Comprehensive 3D Shape Retrieval.,,
Guoliang Luo,Similarity of Deforming Meshes Based on Spatio-temporal Segmentation.,,
Frederic Cordier,Similarity of Deforming Meshes Based on Spatio-temporal Segmentation.,,
Hyewon Seo,Similarity of Deforming Meshes Based on Spatio-temporal Segmentation.,,
Sebastian Ochmann,Towards the Extraction of Hierarchical Building Descriptions from 3D Indoor Scans.,,
Richard Vock,Towards the Extraction of Hierarchical Building Descriptions from 3D Indoor Scans.,,
Raoul Wessel,Towards the Extraction of Hierarchical Building Descriptions from 3D Indoor Scans.,,
Reinhard Klein,Towards the Extraction of Hierarchical Building Descriptions from 3D Indoor Scans.,,
Panagiotis Papadakis,The Canonically Posed 3D Objects Dataset.,,
David Pickup,Shape Retrieval of Non-Rigid 3D Human Models.,,
Xianfang Sun,Shape Retrieval of Non-Rigid 3D Human Models.,,
Paul L. Rosin,Shape Retrieval of Non-Rigid 3D Human Models.,,
Ralph R. Martin,Shape Retrieval of Non-Rigid 3D Human Models.,,
Z. Cheng,Shape Retrieval of Non-Rigid 3D Human Models.,,
Zhouhui Lian,Shape Retrieval of Non-Rigid 3D Human Models.,,
Masaki Aono,Shape Retrieval of Non-Rigid 3D Human Models.,,
Abdessamad Ben Hamza,Shape Retrieval of Non-Rigid 3D Human Models.,,
Alexander M. Bronstein,Shape Retrieval of Non-Rigid 3D Human Models.,,
Michael M. Bronstein,Shape Retrieval of Non-Rigid 3D Human Models.,,
S. Bu,Shape Retrieval of Non-Rigid 3D Human Models.,,
Umberto Castellani,Shape Retrieval of Non-Rigid 3D Human Models.,,
S. Cheng,Shape Retrieval of Non-Rigid 3D Human Models.,,
Valeria Garro,Shape Retrieval of Non-Rigid 3D Human Models.,,
Andrea Giachetti 0001,Shape Retrieval of Non-Rigid 3D Human Models.,,
Afzal Godil,Shape Retrieval of Non-Rigid 3D Human Models.,,
J. Han,Shape Retrieval of Non-Rigid 3D Human Models.,,
Henry Johan,Shape Retrieval of Non-Rigid 3D Human Models.,,
L. Lai,Shape Retrieval of Non-Rigid 3D Human Models.,,
Bo Li 0013,Shape Retrieval of Non-Rigid 3D Human Models.,,
C. Li,Shape Retrieval of Non-Rigid 3D Human Models.,,
Haisheng Li,Shape Retrieval of Non-Rigid 3D Human Models.,,
Roee Litman,Shape Retrieval of Non-Rigid 3D Human Models.,,
X. Liu,Shape Retrieval of Non-Rigid 3D Human Models.,,
Z. Liu,Shape Retrieval of Non-Rigid 3D Human Models.,,
Yijuan Lu,Shape Retrieval of Non-Rigid 3D Human Models.,,
Atsushi Tatsuma,Shape Retrieval of Non-Rigid 3D Human Models.,,
J. Ye,Shape Retrieval of Non-Rigid 3D Human Models.,,
Mario A. Rojas,Quantitative Comparison of Hole Filling Methods for 3D Object Search.,,
Federico Sukno,Quantitative Comparison of Hole Filling Methods for 3D Object Search.,,
John Waddington,Quantitative Comparison of Hole Filling Methods for 3D Object Search.,,
Paul F. Whelan,Quantitative Comparison of Hole Filling Methods for 3D Object Search.,,
Michalis A. Savelonas,Fisher Encoding of Adaptive Fast Persistent Feature Histograms for Partial Retrieval of 3D Pottery Objects.,,
Ioannis Pratikakis,Fisher Encoding of Adaptive Fast Persistent Feature Histograms for Partial Retrieval of 3D Pottery Objects.,,
Konstantinos Sfikas,Fisher Encoding of Adaptive Fast Persistent Feature Histograms for Partial Retrieval of 3D Pottery Objects.,,
Anas Al-Nuaimi,Indoor Location Retrieval using Shape Matching of KinectFusion Scans to Large-Scale Indoor Point Clouds.,,
Martin Piccolrovazzi,Indoor Location Retrieval using Shape Matching of KinectFusion Scans to Large-Scale Indoor Point Clouds.,,
Suat Gedikli,Indoor Location Retrieval using Shape Matching of KinectFusion Scans to Large-Scale Indoor Point Clouds.,,
Eckehard G. Steinbach,Indoor Location Retrieval using Shape Matching of KinectFusion Scans to Large-Scale Indoor Point Clouds.,,
Georg Schroth,Indoor Location Retrieval using Shape Matching of KinectFusion Scans to Large-Scale Indoor Point Clouds.,,
Antonios Danelakis,A Spatio-Temporal Descriptor for Dynamic 3D Facial Expression Retrieval and Recognition.,,
Theoharis Theoharis,A Spatio-Temporal Descriptor for Dynamic 3D Facial Expression Retrieval and Recognition.,,
Ioannis Pratikakis,A Spatio-Temporal Descriptor for Dynamic 3D Facial Expression Retrieval and Recognition.,,
Hanan ElNaghy,Bag of Compact HKS-based Feature Descriptors.,,
Safwat Hamad,Bag of Compact HKS-based Feature Descriptors.,,
Takahiko Furuya,Randomized Sub-Volume Partitioning for Part-Based 3D Model Retrieval.,,
Seiya Kurabe,Randomized Sub-Volume Partitioning for Part-Based 3D Model Retrieval.,,
Ryutarou Ohbuchi,Randomized Sub-Volume Partitioning for Part-Based 3D Model Retrieval.,,
Yue Gao,3D Object Retrieval with Multimodal Views.,,
Anan Liu,3D Object Retrieval with Multimodal Views.,,
Weizhi Nie,3D Object Retrieval with Multimodal Views.,,
Yuting Su,3D Object Retrieval with Multimodal Views.,,
Qionghai Dai,3D Object Retrieval with Multimodal Views.,,
Fuhai Chen,3D Object Retrieval with Multimodal Views.,,
Yingying Chen,3D Object Retrieval with Multimodal Views.,,
Yanhua Cheng,3D Object Retrieval with Multimodal Views.,,
Shuilong Dong,3D Object Retrieval with Multimodal Views.,,
Xingyue Duan,3D Object Retrieval with Multimodal Views.,,
Jianlong Fu,3D Object Retrieval with Multimodal Views.,,
Zan Gao,3D Object Retrieval with Multimodal Views.,,
Haiyun Guo,3D Object Retrieval with Multimodal Views.,,
Xin Guo,3D Object Retrieval with Multimodal Views.,,
Kaiqi Huang,3D Object Retrieval with Multimodal Views.,,
Rongrong Ji,3D Object Retrieval with Multimodal Views.,,
Yingfeng Jiang,3D Object Retrieval with Multimodal Views.,,
Haisheng Li,3D Object Retrieval with Multimodal Views.,,
Hanqing Lu,3D Object Retrieval with Multimodal Views.,,
Jianming Song,3D Object Retrieval with Multimodal Views.,,
Jing Sun,3D Object Retrieval with Multimodal Views.,,
Tieniu Tan,3D Object Retrieval with Multimodal Views.,,
Jinqiao Wang,3D Object Retrieval with Multimodal Views.,,
Huanpu Yin,3D Object Retrieval with Multimodal Views.,,
Chaoli Zhang,3D Object Retrieval with Multimodal Views.,,
Guotai Zhang,3D Object Retrieval with Multimodal Views.,,
Yan Zhang,3D Object Retrieval with Multimodal Views.,,
Chaoyang Zhao,3D Object Retrieval with Multimodal Views.,,
Xin Zhao,3D Object Retrieval with Multimodal Views.,,
Guibo Zhu,3D Object Retrieval with Multimodal Views.,,
Roman Getto,3D Object Retrieval with Parametric Templates.,,
Dieter W. Fellner,3D Object Retrieval with Parametric Templates.,,
Andrea Giachetti 0001,Retrieval of Non-rigid (textured) Shapes Using Low Quality 3D Models.,,
Francesco Farina,Retrieval of Non-rigid (textured) Shapes Using Low Quality 3D Models.,,
Francesco Fornasa,Retrieval of Non-rigid (textured) Shapes Using Low Quality 3D Models.,,
Atsushi Tatsuma,Retrieval of Non-rigid (textured) Shapes Using Low Quality 3D Models.,,
Chika Sanada,Retrieval of Non-rigid (textured) Shapes Using Low Quality 3D Models.,,
Masaki Aono,Retrieval of Non-rigid (textured) Shapes Using Low Quality 3D Models.,,
Silvia Biasotti,Retrieval of Non-rigid (textured) Shapes Using Low Quality 3D Models.,,
Andrea Cerri,Retrieval of Non-rigid (textured) Shapes Using Low Quality 3D Models.,,
Sungbin Choi,Retrieval of Non-rigid (textured) Shapes Using Low Quality 3D Models.,,
Daniela Giorgi,Morphological Analysis of 3D Faces for Weight Gain Assessment.,,
Maria Antonietta Pascali,Morphological Analysis of 3D Faces for Weight Gain Assessment.,,
Giovanni Raccichini,Morphological Analysis of 3D Faces for Weight Gain Assessment.,,
Sara Colantonio,Morphological Analysis of 3D Faces for Weight Gain Assessment.,,
Ovidio Salvetti,Morphological Analysis of 3D Faces for Weight Gain Assessment.,,
Afzal Godil,Range Scans based 3D Shape Retrieval.,,
Helin Dutagaci,Range Scans based 3D Shape Retrieval.,,
Benjamin Bustos,Range Scans based 3D Shape Retrieval.,,
S. Choi,Range Scans based 3D Shape Retrieval.,,
Suchuan Dong,Range Scans based 3D Shape Retrieval.,,
Takahiko Furuya,Range Scans based 3D Shape Retrieval.,,
H. Li,Range Scans based 3D Shape Retrieval.,,
Norman Link,Range Scans based 3D Shape Retrieval.,,
A. Moriyama,Range Scans based 3D Shape Retrieval.,,
Rafael Meruane,Range Scans based 3D Shape Retrieval.,,
Ryutarou Ohbuchi,Range Scans based 3D Shape Retrieval.,,
Dietrich Paulus,Range Scans based 3D Shape Retrieval.,,
Tobias Schreck,Range Scans based 3D Shape Retrieval.,,
Viktor Seib,Range Scans based 3D Shape Retrieval.,,
Ivan Sipiran,Range Scans based 3D Shape Retrieval.,,
Huarui Yin,Range Scans based 3D Shape Retrieval.,,
C. Zhang,Range Scans based 3D Shape Retrieval.,,
Robert Gregor,Automatic 3D Object Fracturing for Evaluation of Partial Retrieval and Object Restoration Tasks - Benchmark and Application to 3D Cultural Heritage Data.,,
Danny Bauer,Automatic 3D Object Fracturing for Evaluation of Partial Retrieval and Object Restoration Tasks - Benchmark and Application to 3D Cultural Heritage Data.,,
Ivan Sipiran,Automatic 3D Object Fracturing for Evaluation of Partial Retrieval and Object Restoration Tasks - Benchmark and Application to 3D Cultural Heritage Data.,,
Panagiotis Perakis,Automatic 3D Object Fracturing for Evaluation of Partial Retrieval and Object Restoration Tasks - Benchmark and Application to 3D Cultural Heritage Data.,,
Tobias Schreck,Automatic 3D Object Fracturing for Evaluation of Partial Retrieval and Object Restoration Tasks - Benchmark and Application to 3D Cultural Heritage Data.,,
Odd Erik Gundersen,Towards Scientific Benchmarks - On Increasing the Credibility of Benchmarks.,,
Anestis Koutsoudis,RETRIEVAL 3D - An On-line Content-Based Retrieval Performance Evaluation Tool.,,
George Ioannakis,RETRIEVAL 3D - An On-line Content-Based Retrieval Performance Evaluation Tool.,,
Ioannis Pratikakis,RETRIEVAL 3D - An On-line Content-Based Retrieval Performance Evaluation Tool.,,
Christos Chamzas,RETRIEVAL 3D - An On-line Content-Based Retrieval Performance Evaluation Tool.,,
Zhouhui Lian,Non-rigid 3D Shape Retrieval.,,
J. Zhang,Non-rigid 3D Shape Retrieval.,,
S. Choi,Non-rigid 3D Shape Retrieval.,,
Hanan ElNaghy,Non-rigid 3D Shape Retrieval.,,
Jihad El-Sana,Non-rigid 3D Shape Retrieval.,,
Takahiko Furuya,Non-rigid 3D Shape Retrieval.,,
Andrea Giachetti 0001,Non-rigid 3D Shape Retrieval.,,
Riza Alp Güler,Non-rigid 3D Shape Retrieval.,,
L. Lai,Non-rigid 3D Shape Retrieval.,,
C. Li,Non-rigid 3D Shape Retrieval.,,
H. Li,Non-rigid 3D Shape Retrieval.,,
Frederico A. Limberger,Non-rigid 3D Shape Retrieval.,,
Ralph R. Martin,Non-rigid 3D Shape Retrieval.,,
Rafael Umino Nakanishi,Non-rigid 3D Shape Retrieval.,,
Afonso Neto,Non-rigid 3D Shape Retrieval.,,
Luis Gustavo Nonato,Non-rigid 3D Shape Retrieval.,,
Ryutarou Ohbuchi,Non-rigid 3D Shape Retrieval.,,
Kirill Pevzner,Non-rigid 3D Shape Retrieval.,,
David Pickup,Non-rigid 3D Shape Retrieval.,,
Paul L. Rosin,Non-rigid 3D Shape Retrieval.,,
Andrei Sharf,Non-rigid 3D Shape Retrieval.,,
L. Sun,Non-rigid 3D Shape Retrieval.,,
Xianfang Sun,Non-rigid 3D Shape Retrieval.,,
Sibel Tari,Non-rigid 3D Shape Retrieval.,,
Gözde B. Ünal,Non-rigid 3D Shape Retrieval.,,
Richard C. Wilson 0001,Non-rigid 3D Shape Retrieval.,,
Gregory P. Meyer,3D GrabCut - Interactive Foreground Extraction for Reconstructed 3D Scenes.,,
Minh N. Do,3D GrabCut - Interactive Foreground Extraction for Reconstructed 3D Scenes.,,
Pedro B. Pascoal,ThOR - Three-dimensional Object Retrieval Library.,,
Alfredo Ferreira,ThOR - Three-dimensional Object Retrieval Library.,,
Pedro B. Pascoal,Retrieval of Objects Captured with Kinect One Camera.,,
Pedro F. Proença,Retrieval of Objects Captured with Kinect One Camera.,,
Filipe Gaspar,Retrieval of Objects Captured with Kinect One Camera.,,
Miguel Sales Dias,Retrieval of Objects Captured with Kinect One Camera.,,
Luís Filipe Teixeira,Retrieval of Objects Captured with Kinect One Camera.,,
Alfredo Ferreira,Retrieval of Objects Captured with Kinect One Camera.,,
Viktor Seib,Retrieval of Objects Captured with Kinect One Camera.,,
Norman Link,Retrieval of Objects Captured with Kinect One Camera.,,
Dietrich Paulus,Retrieval of Objects Captured with Kinect One Camera.,,
Atsushi Tatsuma,Retrieval of Objects Captured with Kinect One Camera.,,
Masaki Aono,Retrieval of Objects Captured with Kinect One Camera.,,
David Pickup,Canonical Forms for Non-Rigid 3D Shape Retrieval.,,
Xianfang Sun,Canonical Forms for Non-Rigid 3D Shape Retrieval.,,
Paul L. Rosin,Canonical Forms for Non-Rigid 3D Shape Retrieval.,,
Ralph R. Martin,Canonical Forms for Non-Rigid 3D Shape Retrieval.,,
Zhi-Quan Cheng,Canonical Forms for Non-Rigid 3D Shape Retrieval.,,
Sipin Nie,Canonical Forms for Non-Rigid 3D Shape Retrieval.,,
Longcun Jin,Canonical Forms for Non-Rigid 3D Shape Retrieval.,,
Michalis A. Savelonas,Partial 3D Object Retrieval combining Local Shape Descriptors with Global Fisher Vectors.,,
Ioannis Pratikakis,Partial 3D Object Retrieval combining Local Shape Descriptors with Global Fisher Vectors.,,
Konstantinos Sfikas,Partial 3D Object Retrieval combining Local Shape Descriptors with Global Fisher Vectors.,,
Gil Shamai,Accelerating the Computation of Canonical Forms for 3D Nonrigid Objects using Multidimensional Scaling.,,
Michael Zibulevsky,Accelerating the Computation of Canonical Forms for 3D Nonrigid Objects using Multidimensional Scaling.,,
Ron Kimmel,Accelerating the Computation of Canonical Forms for 3D Nonrigid Objects using Multidimensional Scaling.,,
Ivan Sipiran,Scalability of Non-Rigid 3D Shape Retrieval.,,
Benjamin Bustos,Scalability of Non-Rigid 3D Shape Retrieval.,,
Tobias Schreck,Scalability of Non-Rigid 3D Shape Retrieval.,,
Alexander M. Bronstein,Scalability of Non-Rigid 3D Shape Retrieval.,,
S. Choi,Scalability of Non-Rigid 3D Shape Retrieval.,,
L. Lai,Scalability of Non-Rigid 3D Shape Retrieval.,,
H. Li,Scalability of Non-Rigid 3D Shape Retrieval.,,
Roee Litman,Scalability of Non-Rigid 3D Shape Retrieval.,,
L. Sun,Scalability of Non-Rigid 3D Shape Retrieval.,,
Naoufel Werghi,Computing Local Binary Patterns on Mesh Manifolds for 3D Texture Retrieval.,,
Claudio Tortorici,Computing Local Binary Patterns on Mesh Manifolds for 3D Texture Retrieval.,,
Stefano Berretti,Computing Local Binary Patterns on Mesh Manifolds for 3D Texture Retrieval.,,
Alberto Del Bimbo,Computing Local Binary Patterns on Mesh Manifolds for 3D Texture Retrieval.,,
Zahraa Yasseen,Sketch-based 3D Object Retrieval Using Two Views and a Visual Part Alignment.,,
Anne Verroust-Blondet,Sketch-based 3D Object Retrieval Using Two Views and a Visual Part Alignment.,,
Ahmad H. Nasri,Sketch-based 3D Object Retrieval Using Two Views and a Visual Part Alignment.,,
Bo Li 0013,3D Sketch-Based 3D Shape Retrieval.,,
Yijuan Lu,3D Sketch-Based 3D Shape Retrieval.,,
Fuqing Duan,3D Sketch-Based 3D Shape Retrieval.,,
Shuilong Dong,3D Sketch-Based 3D Shape Retrieval.,,
Yachun Fan,3D Sketch-Based 3D Shape Retrieval.,,
Lu Qian,3D Sketch-Based 3D Shape Retrieval.,,
Hamid Laga,3D Sketch-Based 3D Shape Retrieval.,,
Haisheng Li,3D Sketch-Based 3D Shape Retrieval.,,
Yuxiang Li,3D Sketch-Based 3D Shape Retrieval.,,
Peng Liu,3D Sketch-Based 3D Shape Retrieval.,,
Maks Ovsjanikov,3D Sketch-Based 3D Shape Retrieval.,,
Hedi Tabia,3D Sketch-Based 3D Shape Retrieval.,,
Yuxiang Ye,3D Sketch-Based 3D Shape Retrieval.,,
Huanpu Yin,3D Sketch-Based 3D Shape Retrieval.,,
Ziyu Xue,3D Sketch-Based 3D Shape Retrieval.,,
Ulrich Bauer,An Edit Distance for Reeb Graphs.,,
Barbara Di Fabio,An Edit Distance for Reeb Graphs.,,
Claudia Landi,An Edit Distance for Reeb Graphs.,,
Silvia Biasotti,3D Objects Exploration - Guidelines for Future Research.,,
Bianca Falcidieno,3D Objects Exploration - Guidelines for Future Research.,,
Daniela Giorgi,3D Objects Exploration - Guidelines for Future Research.,,
Michela Spagnuolo,3D Objects Exploration - Guidelines for Future Research.,,
Luca Cosmo,Partial Matching of Deformable Shapes.,,
Emanuele Rodolà,Partial Matching of Deformable Shapes.,,
Michael M. Bronstein,Partial Matching of Deformable Shapes.,,
Andrea Torsello,Partial Matching of Deformable Shapes.,,
Daniel Cremers,Partial Matching of Deformable Shapes.,,
Yusuf Sahillioglu,Partial Matching of Deformable Shapes.,,
Cong Feng,A Descriptor for Voxel Shapes Based on the Skeleton Cut Space.,,
Andrei C. Jalba,A Descriptor for Voxel Shapes Based on the Skeleton Cut Space.,,
Alexandru C. Telea,A Descriptor for Voxel Shapes Based on the Skeleton Cut Space.,,
Francisco Fernandes,An Experimental Shape Matching Approach for Protein Docking.,,
Alfredo Ferreira,An Experimental Shape Matching Approach for Protein Docking.,,
Patrizio Frosini,Towards an Observer-oriented Theory of Shape Comparison.,,
Yue Gao,3D Object Retrieval with Multimodal Views.,,
Weizhi Nie,3D Object Retrieval with Multimodal Views.,,
Anan Liu,3D Object Retrieval with Multimodal Views.,,
Yuting Su,3D Object Retrieval with Multimodal Views.,,
Qionghai Dai,3D Object Retrieval with Multimodal Views.,,
Le An,3D Object Retrieval with Multimodal Views.,,
Fuhai Chen,3D Object Retrieval with Multimodal Views.,,
Liujuan Cao,3D Object Retrieval with Multimodal Views.,,
Shuilong Dong,3D Object Retrieval with Multimodal Views.,,
Yu De,3D Object Retrieval with Multimodal Views.,,
Zan Gao,3D Object Retrieval with Multimodal Views.,,
Jiayun Hao,3D Object Retrieval with Multimodal Views.,,
Rongrong Ji,3D Object Retrieval with Multimodal Views.,,
Haisheng Li,3D Object Retrieval with Multimodal Views.,,
Mingxia Liu,3D Object Retrieval with Multimodal Views.,,
Lili Pan,3D Object Retrieval with Multimodal Views.,,
Yu Qiu,3D Object Retrieval with Multimodal Views.,,
Liwei Wei,3D Object Retrieval with Multimodal Views.,,
Zhao Wang,3D Object Retrieval with Multimodal Views.,,
Hongjiang Wei,3D Object Retrieval with Multimodal Views.,,
Yuyao Zhang,3D Object Retrieval with Multimodal Views.,,
Jun Zhang 0018,3D Object Retrieval with Multimodal Views.,,
Yan Zhang 0002,3D Object Retrieval with Multimodal Views.,,
Yali Zheng,3D Object Retrieval with Multimodal Views.,,
Andrea Giachetti 0001,Shape Retrieval and 3D Gestural Interaction.,,
Fabio Marco Caputo,Shape Retrieval and 3D Gestural Interaction.,,
Alessandro Carcangiu,Shape Retrieval and 3D Gestural Interaction.,,
Riccardo Scateni,Shape Retrieval and 3D Gestural Interaction.,,
Lucio Davide Spano,Shape Retrieval and 3D Gestural Interaction.,,
Andrea Giachetti 0001,Retrieval of Human Subjects from Depth Sensor Data.,,
Francesco Fornasa,Retrieval of Human Subjects from Depth Sensor Data.,,
Federico Parezzan,Retrieval of Human Subjects from Depth Sensor Data.,,
Alessandro Saletti,Retrieval of Human Subjects from Depth Sensor Data.,,
Leonardo Zambaldo,Retrieval of Human Subjects from Depth Sensor Data.,,
Luisa Zanini,Retrieval of Human Subjects from Depth Sensor Data.,,
Felix Achilles,Retrieval of Human Subjects from Depth Sensor Data.,,
Alexandru Eugen Ichim,Retrieval of Human Subjects from Depth Sensor Data.,,
Federico Tombari,Retrieval of Human Subjects from Depth Sensor Data.,,
Nassir Navab,Retrieval of Human Subjects from Depth Sensor Data.,,
Santiago Velasco-Forero,Retrieval of Human Subjects from Depth Sensor Data.,,
Zorah Lähner,Matching of Deformable Shapes with Topological Noise.,,
Emanuele Rodolà,Matching of Deformable Shapes with Topological Noise.,,
Michael M. Bronstein,Matching of Deformable Shapes with Topological Noise.,,
Daniel Cremers,Matching of Deformable Shapes with Topological Noise.,,
Oliver Burghard,Matching of Deformable Shapes with Topological Noise.,,
Luca Cosmo,Matching of Deformable Shapes with Topological Noise.,,
Alexander Dieckmann,Matching of Deformable Shapes with Topological Noise.,,
Reinhard Klein,Matching of Deformable Shapes with Topological Noise.,,
Yusuf Sahillioglu,Matching of Deformable Shapes with Topological Noise.,,
Pedro B. Pascoal,Shape Retrieval of Low-Cost RGB-D Captures.,,
Pedro F. Proença,Shape Retrieval of Low-Cost RGB-D Captures.,,
Filipe Gaspar,Shape Retrieval of Low-Cost RGB-D Captures.,,
Miguel Sales Dias,Shape Retrieval of Low-Cost RGB-D Captures.,,
Alfredo Ferreira,Shape Retrieval of Low-Cost RGB-D Captures.,,
Atsushi Tatsuma,Shape Retrieval of Low-Cost RGB-D Captures.,,
Masaki Aono,Shape Retrieval of Low-Cost RGB-D Captures.,,
K. Berker Logoglu,Shape Retrieval of Low-Cost RGB-D Captures.,,
Sinan Kalkan,Shape Retrieval of Low-Cost RGB-D Captures.,,
Alptekin Temizel,Shape Retrieval of Low-Cost RGB-D Captures.,,
Bo Li 0013,Shape Retrieval of Low-Cost RGB-D Captures.,,
Henry Johan,Shape Retrieval of Low-Cost RGB-D Captures.,,
Yijuan Lu,Shape Retrieval of Low-Cost RGB-D Captures.,,
Viktor Seib,Shape Retrieval of Low-Cost RGB-D Captures.,,
Norman Link,Shape Retrieval of Low-Cost RGB-D Captures.,,
Dietrich Paulus,Shape Retrieval of Low-Cost RGB-D Captures.,,
Ioannis Pratikakis,Partial Shape Queries for 3D Object Retrieval.,,
Michalis A. Savelonas,Partial Shape Queries for 3D Object Retrieval.,,
Fotis Arnaoutoglou,Partial Shape Queries for 3D Object Retrieval.,,
George Ioannakis,Partial Shape Queries for 3D Object Retrieval.,,
Anestis Koutsoudis,Partial Shape Queries for 3D Object Retrieval.,,
Theoharis Theoharis,Partial Shape Queries for 3D Object Retrieval.,,
Minh-Triet Tran,Partial Shape Queries for 3D Object Retrieval.,,
Vinh-Tiep Nguyen,Partial Shape Queries for 3D Object Retrieval.,,
Viet-Khoi Pham,Partial Shape Queries for 3D Object Retrieval.,,
Hai-Dang Nguyen,Partial Shape Queries for 3D Object Retrieval.,,
Hoang-An Le,Partial Shape Queries for 3D Object Retrieval.,,
Ba-Huu Tran,Partial Shape Queries for 3D Object Retrieval.,,
Huu-Quan To,Partial Shape Queries for 3D Object Retrieval.,,
Minh-Bao Truong,Partial Shape Queries for 3D Object Retrieval.,,
Thuyen V. Phan,Partial Shape Queries for 3D Object Retrieval.,,
Minh-Duc Nguyen,Partial Shape Queries for 3D Object Retrieval.,,
Thanh-An Than,Partial Shape Queries for 3D Object Retrieval.,,
Khoi-Nguyen C. Mac,Partial Shape Queries for 3D Object Retrieval.,,
Minh N. Do,Partial Shape Queries for 3D Object Retrieval.,,
Anh Duc Duong,Partial Shape Queries for 3D Object Retrieval.,,
Takahiko Furuya,Partial Shape Queries for 3D Object Retrieval.,,
Ryutarou Ohbuchi,Partial Shape Queries for 3D Object Retrieval.,,
Masaki Aono,Partial Shape Queries for 3D Object Retrieval.,,
Shoki Tashiro,Partial Shape Queries for 3D Object Retrieval.,,
David Pickup,Partial Shape Queries for 3D Object Retrieval.,,
Xianfang Sun,Partial Shape Queries for 3D Object Retrieval.,,
Paul L. Rosin,Partial Shape Queries for 3D Object Retrieval.,,
Ralph R. Martin,Partial Shape Queries for 3D Object Retrieval.,,
Manolis Savva,Large-Scale 3D Shape Retrieval from ShapeNet Core55.,,
Fisher Yu,Large-Scale 3D Shape Retrieval from ShapeNet Core55.,,
Hao Su,Large-Scale 3D Shape Retrieval from ShapeNet Core55.,,
Masaki Aono,Large-Scale 3D Shape Retrieval from ShapeNet Core55.,,
Baoquan Chen,Large-Scale 3D Shape Retrieval from ShapeNet Core55.,,
Daniel Cohen-Or,Large-Scale 3D Shape Retrieval from ShapeNet Core55.,,
Weihong Deng,Large-Scale 3D Shape Retrieval from ShapeNet Core55.,,
Hang Su,Large-Scale 3D Shape Retrieval from ShapeNet Core55.,,
Song Bai,Large-Scale 3D Shape Retrieval from ShapeNet Core55.,,
Xiang Bai,Large-Scale 3D Shape Retrieval from ShapeNet Core55.,,
Noa Fish,Large-Scale 3D Shape Retrieval from ShapeNet Core55.,,
Jiajie Han,Large-Scale 3D Shape Retrieval from ShapeNet Core55.,,
Evangelos Kalogerakis,Large-Scale 3D Shape Retrieval from ShapeNet Core55.,,
Erik G. Learned-Miller,Large-Scale 3D Shape Retrieval from ShapeNet Core55.,,
Yangyan Li,Large-Scale 3D Shape Retrieval from ShapeNet Core55.,,
Minghui Liao,Large-Scale 3D Shape Retrieval from ShapeNet Core55.,,
Subhransu Maji,Large-Scale 3D Shape Retrieval from ShapeNet Core55.,,
Atsushi Tatsuma,Large-Scale 3D Shape Retrieval from ShapeNet Core55.,,
Yida Wang,Large-Scale 3D Shape Retrieval from ShapeNet Core55.,,
Nanhai Zhang,Large-Scale 3D Shape Retrieval from ShapeNet Core55.,,
Zhichao Zhou,Large-Scale 3D Shape Retrieval from ShapeNet Core55.,,
Flora Ponjou Tasse,An Evaluation of Local Feature Encodings for Shape Retrieval.,,
Jirí Kosinka,An Evaluation of Local Feature Encodings for Shape Retrieval.,,
Neil A. Dodgson,An Evaluation of Local Feature Encodings for Shape Retrieval.,,
Silvia Biasotti,Retrieval of Surfaces with Similar Relief Patterns.,,
E. Moscoso Thompson,Retrieval of Surfaces with Similar Relief Patterns.,,
Masaki Aono,Retrieval of Surfaces with Similar Relief Patterns.,,
A. Ben Hamza,Retrieval of Surfaces with Similar Relief Patterns.,,
Benjamin Bustos,Retrieval of Surfaces with Similar Relief Patterns.,,
Shuilong Dong,Retrieval of Surfaces with Similar Relief Patterns.,,
B. Du,Retrieval of Surfaces with Similar Relief Patterns.,,
Amin Fehri,Retrieval of Surfaces with Similar Relief Patterns.,,
Haisheng Li,Retrieval of Surfaces with Similar Relief Patterns.,,
Frederico A. Limberger,Retrieval of Surfaces with Similar Relief Patterns.,,
Majid Masoumi,Retrieval of Surfaces with Similar Relief Patterns.,,
M. Rezaei,Retrieval of Surfaces with Similar Relief Patterns.,,
Ivan Sipiran,Retrieval of Surfaces with Similar Relief Patterns.,,
L. Sun,Retrieval of Surfaces with Similar Relief Patterns.,,
Atsushi Tatsuma,Retrieval of Surfaces with Similar Relief Patterns.,,
Santiago Velasco-Forero,Retrieval of Surfaces with Similar Relief Patterns.,,
Richard C. Wilson 0001,Retrieval of Surfaces with Similar Relief Patterns.,,
Y. Wu,Retrieval of Surfaces with Similar Relief Patterns.,,
J. Zhang,Retrieval of Surfaces with Similar Relief Patterns.,,
T. Zhao,Retrieval of Surfaces with Similar Relief Patterns.,,
Francesco Fornasa,Retrieval of Surfaces with Similar Relief Patterns.,,
Andrea Giachetti 0001,Retrieval of Surfaces with Similar Relief Patterns.,,
Alexandre Boulch,Unstructured Point Cloud Semantic Labeling Using Deep Segmentation Networks.,,
Bertrand Le Saux,Unstructured Point Cloud Semantic Labeling Using Deep Segmentation Networks.,,
Nicolas Audebert,Unstructured Point Cloud Semantic Labeling Using Deep Segmentation Networks.,,
Daniela Craciun,Shape Similarity System driven by Digital Elevation Models for Non-rigid Shape Retrieval.,,
Guillaume Levieux,Shape Similarity System driven by Digital Elevation Models for Non-rigid Shape Retrieval.,,
Matthieu Montes,Shape Similarity System driven by Digital Elevation Models for Non-rigid Shape Retrieval.,,
Sylvain Haas,A Framework Based on Compressed Manifold Modes for Robust Local Spectral Analysis.,,
Atilla Baskurt,A Framework Based on Compressed Manifold Modes for Robust Local Spectral Analysis.,,
Florent Dupont,A Framework Based on Compressed Manifold Modes for Robust Local Spectral Analysis.,,
Florence Denis,A Framework Based on Compressed Manifold Modes for Robust Local Spectral Analysis.,,
Binh-Son Hua,RGB-D to CAD Retrieval with ObjectNN Dataset.,,
Quang-Trung Truong,RGB-D to CAD Retrieval with ObjectNN Dataset.,,
Minh-Khoi Tran,RGB-D to CAD Retrieval with ObjectNN Dataset.,,
Quang-Hieu Pham,RGB-D to CAD Retrieval with ObjectNN Dataset.,,
Asako Kanezaki,RGB-D to CAD Retrieval with ObjectNN Dataset.,,
Tang Lee,RGB-D to CAD Retrieval with ObjectNN Dataset.,,
HungYueh Chiang,RGB-D to CAD Retrieval with ObjectNN Dataset.,,
Winston Hsu,RGB-D to CAD Retrieval with ObjectNN Dataset.,,
Bo Li 0013,RGB-D to CAD Retrieval with ObjectNN Dataset.,,
Yijuan Lu,RGB-D to CAD Retrieval with ObjectNN Dataset.,,
Henry Johan,RGB-D to CAD Retrieval with ObjectNN Dataset.,,
Shoki Tashiro,RGB-D to CAD Retrieval with ObjectNN Dataset.,,
Masaki Aono,RGB-D to CAD Retrieval with ObjectNN Dataset.,,
Minh-Triet Tran,RGB-D to CAD Retrieval with ObjectNN Dataset.,,
Viet-Khoi Pham,RGB-D to CAD Retrieval with ObjectNN Dataset.,,
Hai-Dang Nguyen,RGB-D to CAD Retrieval with ObjectNN Dataset.,,
Vinh-Tiep Nguyen,RGB-D to CAD Retrieval with ObjectNN Dataset.,,
Quang-Thang Tran,RGB-D to CAD Retrieval with ObjectNN Dataset.,,
Thuyen V. Phan,RGB-D to CAD Retrieval with ObjectNN Dataset.,,
Bao Truong,RGB-D to CAD Retrieval with ObjectNN Dataset.,,
Minh N. Do,RGB-D to CAD Retrieval with ObjectNN Dataset.,,
Anh Duc Duong,RGB-D to CAD Retrieval with ObjectNN Dataset.,,
Lap-Fai Yu,RGB-D to CAD Retrieval with ObjectNN Dataset.,,
Duc Thanh Nguyen,RGB-D to CAD Retrieval with ObjectNN Dataset.,,
Sai-Kit Yeung,RGB-D to CAD Retrieval with ObjectNN Dataset.,,
Vincent Léon,Semantic Correspondence Across 3D Models for Example-based Modeling.,,
Vincent Itier,Semantic Correspondence Across 3D Models for Example-based Modeling.,,
Nicolas Bonneel,Semantic Correspondence Across 3D Models for Example-based Modeling.,,
Guillaume Lavoué,Semantic Correspondence Across 3D Models for Example-based Modeling.,,
Jean-Philippe Vandeborre,Semantic Correspondence Across 3D Models for Example-based Modeling.,,
Frederico A. Limberger,Point-Cloud Shape Retrieval of Non-Rigid Toys.,,
Richard C. Wilson 0001,Point-Cloud Shape Retrieval of Non-Rigid Toys.,,
Masaki Aono,Point-Cloud Shape Retrieval of Non-Rigid Toys.,,
Nicolas Audebert,Point-Cloud Shape Retrieval of Non-Rigid Toys.,,
Alexandre Boulch,Point-Cloud Shape Retrieval of Non-Rigid Toys.,,
Benjamín Bustos,Point-Cloud Shape Retrieval of Non-Rigid Toys.,,
Andrea Giachetti 0001,Point-Cloud Shape Retrieval of Non-Rigid Toys.,,
Afzal Godil,Point-Cloud Shape Retrieval of Non-Rigid Toys.,,
Bertrand Le Saux,Point-Cloud Shape Retrieval of Non-Rigid Toys.,,
Bo Li 0013,Point-Cloud Shape Retrieval of Non-Rigid Toys.,,
Yijuan Lu,Point-Cloud Shape Retrieval of Non-Rigid Toys.,,
Hai-Dang Nguyen,Point-Cloud Shape Retrieval of Non-Rigid Toys.,,
V.-T. Nguyen,Point-Cloud Shape Retrieval of Non-Rigid Toys.,,
Viet-Khoi Pham,Point-Cloud Shape Retrieval of Non-Rigid Toys.,,
Ivan Sipiran,Point-Cloud Shape Retrieval of Non-Rigid Toys.,,
Atsushi Tatsuma,Point-Cloud Shape Retrieval of Non-Rigid Toys.,,
Minh-Triet Tran,Point-Cloud Shape Retrieval of Non-Rigid Toys.,,
Santiago Velasco-Forero,Point-Cloud Shape Retrieval of Non-Rigid Toys.,,
Juncheng Liu,3D Mesh Unfolding via Semidefinite Programming.,,
Zhouhui Lian,3D Mesh Unfolding via Semidefinite Programming.,,
Jianguo Xiao,3D Mesh Unfolding via Semidefinite Programming.,,
Carlos M. Mateo,GSHOT - a Global Descriptor from SHOT to Reduce Time and Space Requirements.,,
Pablo Gil,GSHOT - a Global Descriptor from SHOT to Reduce Time and Space Requirements.,,
Fernando Torres Medina,GSHOT - a Global Descriptor from SHOT to Reduce Time and Space Requirements.,,
Hatem A. Rashwan,Towards Recognizing of 3D Models Using A Single Image.,,
Sylvie Chambon,Towards Recognizing of 3D Models Using A Single Image.,,
Géraldine Morin,Towards Recognizing of 3D Models Using A Single Image.,,
Pierre Gurdjos,Towards Recognizing of 3D Models Using A Single Image.,,
Vincent Charvillat,Towards Recognizing of 3D Models Using A Single Image.,,
Emanuele Rodolà,Deformable Shape Retrieval with Missing Parts.,,
Luca Cosmo,Deformable Shape Retrieval with Missing Parts.,,
Or Litany,Deformable Shape Retrieval with Missing Parts.,,
Michael M. Bronstein,Deformable Shape Retrieval with Missing Parts.,,
Alexander M. Bronstein,Deformable Shape Retrieval with Missing Parts.,,
Nicolas Audebert,Deformable Shape Retrieval with Missing Parts.,,
A. Ben Hamza,Deformable Shape Retrieval with Missing Parts.,,
Alexandre Boulch,Deformable Shape Retrieval with Missing Parts.,,
Umberto Castellani,Deformable Shape Retrieval with Missing Parts.,,
Minh N. Do,Deformable Shape Retrieval with Missing Parts.,,
Duc Anh Duong,Deformable Shape Retrieval with Missing Parts.,,
Takahiko Furuya,Deformable Shape Retrieval with Missing Parts.,,
Andrea Gasparetto,Deformable Shape Retrieval with Missing Parts.,,
Y. Hong,Deformable Shape Retrieval with Missing Parts.,,
J. Kim,Deformable Shape Retrieval with Missing Parts.,,
Bertrand Le Saux,Deformable Shape Retrieval with Missing Parts.,,
Roee Litman,Deformable Shape Retrieval with Missing Parts.,,
Majid Masoumi,Deformable Shape Retrieval with Missing Parts.,,
Giorgia Minello,Deformable Shape Retrieval with Missing Parts.,,
Hai-Dang Nguyen,Deformable Shape Retrieval with Missing Parts.,,
V.-T. Nguyen,Deformable Shape Retrieval with Missing Parts.,,
Ryutarou Ohbuchi,Deformable Shape Retrieval with Missing Parts.,,
Viet-Khoi Pham,Deformable Shape Retrieval with Missing Parts.,,
Thuyen V. Phan,Deformable Shape Retrieval with Missing Parts.,,
M. Rezaei,Deformable Shape Retrieval with Missing Parts.,,
Andrea Torsello,Deformable Shape Retrieval with Missing Parts.,,
Minh-Triet Tran,Deformable Shape Retrieval with Missing Parts.,,
Q. T. Tran,Deformable Shape Retrieval with Missing Parts.,,
Bao Truong,Deformable Shape Retrieval with Missing Parts.,,
L. Wan,Deformable Shape Retrieval with Missing Parts.,,
Changqing Zou,Deformable Shape Retrieval with Missing Parts.,,
Manolis Savva,Large-Scale 3D Shape Retrieval from ShapeNet Core55.,,
Fisher Yu,Large-Scale 3D Shape Retrieval from ShapeNet Core55.,,
Hao Su,Large-Scale 3D Shape Retrieval from ShapeNet Core55.,,
Asako Kanezaki,Large-Scale 3D Shape Retrieval from ShapeNet Core55.,,
Takahiko Furuya,Large-Scale 3D Shape Retrieval from ShapeNet Core55.,,
Ryutarou Ohbuchi,Large-Scale 3D Shape Retrieval from ShapeNet Core55.,,
Zhichao Zhou,Large-Scale 3D Shape Retrieval from ShapeNet Core55.,,
Rui Yu,Large-Scale 3D Shape Retrieval from ShapeNet Core55.,,
Song Bai,Large-Scale 3D Shape Retrieval from ShapeNet Core55.,,
Xiang Bai,Large-Scale 3D Shape Retrieval from ShapeNet Core55.,,
Masaki Aono,Large-Scale 3D Shape Retrieval from ShapeNet Core55.,,
Atsushi Tatsuma,Large-Scale 3D Shape Retrieval from ShapeNet Core55.,,
Spyridon Thermos,Large-Scale 3D Shape Retrieval from ShapeNet Core55.,,
Apostolos Axenopoulos,Large-Scale 3D Shape Retrieval from ShapeNet Core55.,,
Georgios Th. Papadopoulos,Large-Scale 3D Shape Retrieval from ShapeNet Core55.,,
Petros Daras,Large-Scale 3D Shape Retrieval from ShapeNet Core55.,,
Xiao Deng,Large-Scale 3D Shape Retrieval from ShapeNet Core55.,,
Zhouhui Lian,Large-Scale 3D Shape Retrieval from ShapeNet Core55.,,
Bo Li 0013,Large-Scale 3D Shape Retrieval from ShapeNet Core55.,,
Henry Johan,Large-Scale 3D Shape Retrieval from ShapeNet Core55.,,
Yijuan Lu,Large-Scale 3D Shape Retrieval from ShapeNet Core55.,,
Sanjeev Mk,Large-Scale 3D Shape Retrieval from ShapeNet Core55.,,
Rodrigo Schulz,Directed Curvature Histograms for Robotic Grasping.,,
Pablo Guerrero,Directed Curvature Histograms for Robotic Grasping.,,
Benjamin Bustos,Directed Curvature Histograms for Robotic Grasping.,,
Konstantinos Sfikas,Exploiting the PANORAMA Representation for Convolutional Neural Network Classification and Retrieval.,,
Theoharis Theoharis,Exploiting the PANORAMA Representation for Convolutional Neural Network Classification and Retrieval.,,
Ioannis Pratikakis,Exploiting the PANORAMA Representation for Convolutional Neural Network Classification and Retrieval.,,
Quentin De Smedt,3D Hand Gesture Recognition Using a Depth and Skeletal Dataset.,,
Hazem Wannous,3D Hand Gesture Recognition Using a Depth and Skeletal Dataset.,,
Jean-Philippe Vandeborre,3D Hand Gesture Recognition Using a Depth and Skeletal Dataset.,,
Joris Guerry,3D Hand Gesture Recognition Using a Depth and Skeletal Dataset.,,
Bertrand Le Saux,3D Hand Gesture Recognition Using a Depth and Skeletal Dataset.,,
David Filliat,3D Hand Gesture Recognition Using a Depth and Skeletal Dataset.,,
Na Song,Protein Shape Retrieval.,,
Daniela Craciun,Protein Shape Retrieval.,,
Charles Christoffer,Protein Shape Retrieval.,,
Xusi Han,Protein Shape Retrieval.,,
Daisuke Kihara,Protein Shape Retrieval.,,
Guillaume Levieux,Protein Shape Retrieval.,,
Matthieu Montes,Protein Shape Retrieval.,,
Hong Qin,Protein Shape Retrieval.,,
Pranjal Sahu,Protein Shape Retrieval.,,
Genki Terashi,Protein Shape Retrieval.,,
Haiguang Liu,Protein Shape Retrieval.,,
Xueqing Zhao,Sketch-based 3D Object Retrieval with Skeleton Line Views - Initial Results and Research Problems.,,
Robert Gregor,Sketch-based 3D Object Retrieval with Skeleton Line Views - Initial Results and Research Problems.,,
Pavlos Mavridis,Sketch-based 3D Object Retrieval with Skeleton Line Views - Initial Results and Research Problems.,,
Tobias Schreck,Sketch-based 3D Object Retrieval with Skeleton Line Views - Initial Results and Research Problems.,,
Shuaifeng Zhi,LightNet - A Lightweight 3D Convolutional Neural Network for Real-Time 3D Object Recognition.,,
Yongxiang Liu,LightNet - A Lightweight 3D Convolutional Neural Network for Real-Time 3D Object Recognition.,,
Xiang Li,LightNet - A Lightweight 3D Convolutional Neural Network for Real-Time 3D Object Recognition.,,
Yulan Guo,LightNet - A Lightweight 3D Convolutional Neural Network for Real-Time 3D Object Recognition.,,
Hameed Abdul-Rashid,2D Image-Based 3D Scene Retrieval.,,
Juefei Yuan,2D Image-Based 3D Scene Retrieval.,,
Bo Li,2D Image-Based 3D Scene Retrieval.,,
Yijuan Lu,2D Image-Based 3D Scene Retrieval.,,
Song Bai,2D Image-Based 3D Scene Retrieval.,,
Xiang Bai,2D Image-Based 3D Scene Retrieval.,,
Ngoc-Minh Bui,2D Image-Based 3D Scene Retrieval.,,
Minh N. Do,2D Image-Based 3D Scene Retrieval.,,
Trong-Le Do,2D Image-Based 3D Scene Retrieval.,,
Anh Duc Duong,2D Image-Based 3D Scene Retrieval.,,
Xinwei He,2D Image-Based 3D Scene Retrieval.,,
Tu-Khiem Le,2D Image-Based 3D Scene Retrieval.,,
Wenhui Li,2D Image-Based 3D Scene Retrieval.,,
Anan Liu,2D Image-Based 3D Scene Retrieval.,,
Xiaolong Liu,2D Image-Based 3D Scene Retrieval.,,
Khac-Tuan Nguyen,2D Image-Based 3D Scene Retrieval.,,
Vinh-Tiep Nguyen,2D Image-Based 3D Scene Retrieval.,,
Weizhi Nie,2D Image-Based 3D Scene Retrieval.,,
Van-Tu Ninh,2D Image-Based 3D Scene Retrieval.,,
Yuting Su,2D Image-Based 3D Scene Retrieval.,,
Vinh Ton-That,2D Image-Based 3D Scene Retrieval.,,
Minh-Triet Tran,2D Image-Based 3D Scene Retrieval.,,
Shu Xiang,2D Image-Based 3D Scene Retrieval.,,
Heyu Zhou,2D Image-Based 3D Scene Retrieval.,,
Yang Zhou,2D Image-Based 3D Scene Retrieval.,,
Zhichao Zhou,2D Image-Based 3D Scene Retrieval.,,
Florian Beguet,Automatic Extraction of Complex 3D Structures Application to the Inner Ear Segmentation from Cone Beam CT Digital Volumes.,,
Jean-Luc Mari,Automatic Extraction of Complex 3D Structures Application to the Inner Ear Segmentation from Cone Beam CT Digital Volumes.,,
Thierry Cresson,Automatic Extraction of Complex 3D Structures Application to the Inner Ear Segmentation from Cone Beam CT Digital Volumes.,,
Matthieu Schmittbuhl,Automatic Extraction of Complex 3D Structures Application to the Inner Ear Segmentation from Cone Beam CT Digital Volumes.,,
Jacques A. de Guise,Automatic Extraction of Complex 3D Structures Application to the Inner Ear Segmentation from Cone Beam CT Digital Volumes.,,
Silvia Biasotti,Recognition of Geometric Patterns Over 3D Models.,,
E. Moscoso Thompson,Recognition of Geometric Patterns Over 3D Models.,,
Loïc Barthe,Recognition of Geometric Patterns Over 3D Models.,,
Stefano Berretti,Recognition of Geometric Patterns Over 3D Models.,,
Andrea Giachetti 0001,Recognition of Geometric Patterns Over 3D Models.,,
T. Lejemble,Recognition of Geometric Patterns Over 3D Models.,,
Nicolas Mellado,Recognition of Geometric Patterns Over 3D Models.,,
Konstantinos Moustakas,Recognition of Geometric Patterns Over 3D Models.,,
Iason Manolas,Recognition of Geometric Patterns Over 3D Models.,,
Dimitrios Dimou,Recognition of Geometric Patterns Over 3D Models.,,
Claudio Tortorici,Recognition of Geometric Patterns Over 3D Models.,,
Santiago Velasco-Forero,Recognition of Geometric Patterns Over 3D Models.,,
Naoufel Werghi,Recognition of Geometric Patterns Over 3D Models.,,
Martina Polig,Recognition of Geometric Patterns Over 3D Models.,,
Giusi Sorrentino,Recognition of Geometric Patterns Over 3D Models.,,
Sorin Hermon,Recognition of Geometric Patterns Over 3D Models.,,
Silvia Biasotti,Experimental Similarity Assessment for a Collection of Fragmented Artifacts.,,
Elia Moscoso Thompson,Experimental Similarity Assessment for a Collection of Fragmented Artifacts.,,
Michela Spagnuolo,Experimental Similarity Assessment for a Collection of Fragmented Artifacts.,,
Bart Iver van Blokland,Microshapes - Efficient Querying of 3D Object Collections based on Local Shape.,,
Theoharis Theoharis,Microshapes - Efficient Querying of 3D Object Collections based on Local Shape.,,
Florent Langenfeld,Protein Shape Retrieval.,,
Apostolos Axenopoulos,Protein Shape Retrieval.,,
Anargyros Chatzitofis,Protein Shape Retrieval.,,
Daniela Craciun,Protein Shape Retrieval.,,
Petros Daras,Protein Shape Retrieval.,,
Bowen Du,Protein Shape Retrieval.,,
Andrea Giachetti 0001,Protein Shape Retrieval.,,
Yu-Kun Lai,Protein Shape Retrieval.,,
Haisheng Li,Protein Shape Retrieval.,,
Yingbin Li,Protein Shape Retrieval.,,
Majid Masoumi,Protein Shape Retrieval.,,
Yuxu Peng,Protein Shape Retrieval.,,
Paul L. Rosin,Protein Shape Retrieval.,,
Jeremy Sirugue,Protein Shape Retrieval.,,
Li Sun 0004,Protein Shape Retrieval.,,
Spyridon Thermos,Protein Shape Retrieval.,,
Matthew Toews,Protein Shape Retrieval.,,
Yang Wei,Protein Shape Retrieval.,,
Yujuan Wu,Protein Shape Retrieval.,,
Yujia Zhai,Protein Shape Retrieval.,,
Tianyu Zhao,Protein Shape Retrieval.,,
Yanping Zheng,Protein Shape Retrieval.,,
Matthieu Montes,Protein Shape Retrieval.,,
Lorenzo Luciano,Geodesic-based 3D Shape Retrieval Using Sparse Autoencoders.,,
Abdessamad Ben Hamza,Geodesic-based 3D Shape Retrieval Using Sparse Autoencoders.,,
Abderrahim Mesbah,Non-rigid 3D Model Classification Using 3D Hahn Moment Convolutional Neural Networks.,,
Aissam Berrahou,Non-rigid 3D Model Classification Using 3D Hahn Moment Convolutional Neural Networks.,,
Hicham Hammouchi,Non-rigid 3D Model Classification Using 3D Hahn Moment Convolutional Neural Networks.,,
Hassan Berbia,Non-rigid 3D Model Classification Using 3D Hahn Moment Convolutional Neural Networks.,,
Hassan Qjidaa,Non-rigid 3D Model Classification Using 3D Hahn Moment Convolutional Neural Networks.,,
Mohamed Daoudi,Non-rigid 3D Model Classification Using 3D Hahn Moment Convolutional Neural Networks.,,
Pietro Pala,Person Re-Identification from Depth Cameras using Skeleton and 3D Face Data.,,
Lorenzo Seidenari,Person Re-Identification from Depth Cameras using Skeleton and 3D Face Data.,,
Stefano Berretti,Person Re-Identification from Depth Cameras using Skeleton and 3D Face Data.,,
Alberto Del Bimbo,Person Re-Identification from Depth Cameras using Skeleton and 3D Face Data.,,
Quang-Hieu Pham,RGB-D Object-to-CAD Retrieval.,,
Minh-Khoi Tran,RGB-D Object-to-CAD Retrieval.,,
Wenhui Li,RGB-D Object-to-CAD Retrieval.,,
Shu Xiang,RGB-D Object-to-CAD Retrieval.,,
Heyu Zhou,RGB-D Object-to-CAD Retrieval.,,
Weizhi Nie,RGB-D Object-to-CAD Retrieval.,,
Anan Liu,RGB-D Object-to-CAD Retrieval.,,
Yuting Su,RGB-D Object-to-CAD Retrieval.,,
Minh-Triet Tran,RGB-D Object-to-CAD Retrieval.,,
Ngoc-Minh Bui,RGB-D Object-to-CAD Retrieval.,,
Trong-Le Do,RGB-D Object-to-CAD Retrieval.,,
Tu V. Ninh,RGB-D Object-to-CAD Retrieval.,,
Tu-Khiem Le,RGB-D Object-to-CAD Retrieval.,,
Anh-Vu Dao,RGB-D Object-to-CAD Retrieval.,,
Vinh-Tiep Nguyen,RGB-D Object-to-CAD Retrieval.,,
Minh N. Do,RGB-D Object-to-CAD Retrieval.,,
Anh Duc Duong,RGB-D Object-to-CAD Retrieval.,,
Binh-Son Hua,RGB-D Object-to-CAD Retrieval.,,
Lap-Fai Yu,RGB-D Object-to-CAD Retrieval.,,
Duc Thanh Nguyen,RGB-D Object-to-CAD Retrieval.,,
Sai-Kit Yeung,RGB-D Object-to-CAD Retrieval.,,
Ivan Sipiran,Completion of Cultural Heritage Objects with Rotational Symmetry.,,
Elia Moscoso Thompson,Edge-based LBP Description of Surfaces with Colorimetric Patterns.,,
Silvia Biasotti,Edge-based LBP Description of Surfaces with Colorimetric Patterns.,,
E. Moscoso Thompson,Retrieval of Gray Patterns Depicted on 3D Models.,,
Claudio Tortorici,Retrieval of Gray Patterns Depicted on 3D Models.,,
Naoufel Werghi,Retrieval of Gray Patterns Depicted on 3D Models.,,
Stefano Berretti,Retrieval of Gray Patterns Depicted on 3D Models.,,
Santiago Velasco-Forero,Retrieval of Gray Patterns Depicted on 3D Models.,,
Silvia Biasotti,Retrieval of Gray Patterns Depicted on 3D Models.,,
Claudio Tortorici,Performing Image-like Convolution on Triangular Meshes.,,
Naoufel Werghi,Performing Image-like Convolution on Triangular Meshes.,,
Stefano Berretti,Performing Image-like Convolution on Triangular Meshes.,,
Juefei Yuan,2D Scene Sketch-Based 3D Scene Retrieval.,,
Bo Li,2D Scene Sketch-Based 3D Scene Retrieval.,,
Yijuan Lu,2D Scene Sketch-Based 3D Scene Retrieval.,,
Song Bai,2D Scene Sketch-Based 3D Scene Retrieval.,,
Xiang Bai,2D Scene Sketch-Based 3D Scene Retrieval.,,
Ngoc-Minh Bui,2D Scene Sketch-Based 3D Scene Retrieval.,,
Minh N. Do,2D Scene Sketch-Based 3D Scene Retrieval.,,
Trong-Le Do,2D Scene Sketch-Based 3D Scene Retrieval.,,
Anh Duc Duong,2D Scene Sketch-Based 3D Scene Retrieval.,,
Xinwei He,2D Scene Sketch-Based 3D Scene Retrieval.,,
Tu-Khiem Le,2D Scene Sketch-Based 3D Scene Retrieval.,,
Wenhui Li,2D Scene Sketch-Based 3D Scene Retrieval.,,
Anan Liu,2D Scene Sketch-Based 3D Scene Retrieval.,,
Xiaolong Liu,2D Scene Sketch-Based 3D Scene Retrieval.,,
Khac-Tuan Nguyen,2D Scene Sketch-Based 3D Scene Retrieval.,,
Vinh-Tiep Nguyen,2D Scene Sketch-Based 3D Scene Retrieval.,,
Weizhi Nie,2D Scene Sketch-Based 3D Scene Retrieval.,,
Van-Tu Ninh,2D Scene Sketch-Based 3D Scene Retrieval.,,
Yuting Su,2D Scene Sketch-Based 3D Scene Retrieval.,,
Vinh Ton-That,2D Scene Sketch-Based 3D Scene Retrieval.,,
Minh-Triet Tran,2D Scene Sketch-Based 3D Scene Retrieval.,,
Shu Xiang,2D Scene Sketch-Based 3D Scene Retrieval.,,
Heyu Zhou,2D Scene Sketch-Based 3D Scene Retrieval.,,
Yang Zhou,2D Scene Sketch-Based 3D Scene Retrieval.,,
Zhichao Zhou,2D Scene Sketch-Based 3D Scene Retrieval.,,
Arnaud Bletterer,Point Cloud Compression using Depth Maps.,,
Frédéric Payan,Point Cloud Compression using Depth Maps.,,
Marc Antonini,Point Cloud Compression using Depth Maps.,,
Anis Meftah,Point Cloud Compression using Depth Maps.,,
Gulsum Nurdan Can,Human detection from still depth images.,,
Helin Dutagaci,Human detection from still depth images.,,
Santiago Cortes,Depth Assisted Composition of Synthetic and Real 3D Scenes.,,
Olli Suominen,Depth Assisted Composition of Synthetic and Real 3D Scenes.,,
Atanas P. Gotchev,Depth Assisted Composition of Synthetic and Real 3D Scenes.,,
Ricardo R. Garcia,Markerless Motion Capture with Multi-view Structured Light.,,
Avideh Zakhor,Markerless Motion Capture with Multi-view Structured Light.,,
Thomas Hach,High-Fidelity Time-of-Flight Edge Sampling Using Superpixels.,,
Johannes Steurer,High-Fidelity Time-of-Flight Edge Sampling Using Superpixels.,,
Sascha Knob,High-Fidelity Time-of-Flight Edge Sampling Using Superpixels.,,
Hiroshi Imai,Structural internal deterioration detection with motion vector field image analysis using monocular camera.,,
Masahiko Ohta,Structural internal deterioration detection with motion vector field image analysis using monocular camera.,,
Kazuhito Murata,Structural internal deterioration detection with motion vector field image analysis using monocular camera.,,
Vincent Itier,Secure High Capacity Data Hiding for 3d Meshes.,,
Adrian G. Bors,Secure High Capacity Data Hiding for 3d Meshes.,,
William Puech,Secure High Capacity Data Hiding for 3d Meshes.,,
Jean-Pierre Pedeboy,Secure High Capacity Data Hiding for 3d Meshes.,,
Young-Ju Jeong,3D Autostereoscopic Display Image Generation Framework using Direct Light Field Rendering.,,
Yang-Ho Cho,3D Autostereoscopic Display Image Generation Framework using Direct Light Field Rendering.,,
Hyoseok Hwang,3D Autostereoscopic Display Image Generation Framework using Direct Light Field Rendering.,,
Hyun Sung Chang,3D Autostereoscopic Display Image Generation Framework using Direct Light Field Rendering.,,
Dongkyung Nam,3D Autostereoscopic Display Image Generation Framework using Direct Light Field Rendering.,,
C.-C. Jay Kuo,3D Autostereoscopic Display Image Generation Framework using Direct Light Field Rendering.,,
Fei Li 0005,Truncated Signed Distance Function Volume Integration Based on Voxel-Level Optimization for 3D Reconstruction.,,
Yunfan Du,Truncated Signed Distance Function Volume Integration Based on Voxel-Level Optimization for 3D Reconstruction.,,
Rujie Liu,Truncated Signed Distance Function Volume Integration Based on Voxel-Level Optimization for 3D Reconstruction.,,
Marcin Malesa,Mobile version of Digital Image Correlation for deformation measurements of engineering objects.,,
Dariusz Naploszek,Mobile version of Digital Image Correlation for deformation measurements of engineering objects.,,
Krzysztof Kuczynski,Mobile version of Digital Image Correlation for deformation measurements of engineering objects.,,
Pawel Skrzypczak,Mobile version of Digital Image Correlation for deformation measurements of engineering objects.,,
Ji-Hun Mun,Temporal Domain Stereo Matching based on Feature Points for Restriction of Error Propagation.,,
Yo-Sung Ho,Temporal Domain Stereo Matching based on Feature Points for Restriction of Error Propagation.,,
Ivan Panchenko,Depth Estimation Algorithm for Color Coded Aperture Camera.,,
Vladimir Paramonov,Depth Estimation Algorithm for Color Coded Aperture Camera.,,
Victor Bucha,Depth Estimation Algorithm for Color Coded Aperture Camera.,,
Frédéric Payan,Blue noise Sampling of surfaces from stereoscopic images.,,
Jean-Luc Peyrot,Blue noise Sampling of surfaces from stereoscopic images.,,
Marc Antonini,Blue noise Sampling of surfaces from stereoscopic images.,,
Maria Shcherban,Non-uniform resampling in perspective compensated large scale 3D visualization.,,
Olli Suominen,Non-uniform resampling in perspective compensated large scale 3D visualization.,,
Atanas P. Gotchev,Non-uniform resampling in perspective compensated large scale 3D visualization.,,
Shuyang Sheng,Shadow Detection on 3D Point Cloud.,,
B. Keith Jenkins,Shadow Detection on 3D Point Cloud.,,
Dong-Won Shin,Implementation of 3D Object Reconstruction Using Multiple Kinect Cameras.,,
Yo-Sung Ho,Implementation of 3D Object Reconstruction Using Multiple Kinect Cameras.,,
Robert Sitnik,"Towards automated, high resolution 3D scanning of large surfaces for cultural heritage documentation.",,
Eryk Bunsch,"Towards automated, high resolution 3D scanning of large surfaces for cultural heritage documentation.",,
Grzegorz Maczkowski,"Towards automated, high resolution 3D scanning of large surfaces for cultural heritage documentation.",,
Wojciech Zaluski,"Towards automated, high resolution 3D scanning of large surfaces for cultural heritage documentation.",,
Krzysztof Lech,"Towards automated, high resolution 3D scanning of large surfaces for cultural heritage documentation.",,
Jakub Michonski,"Towards automated, high resolution 3D scanning of large surfaces for cultural heritage documentation.",,
Jakub Krzeslowski,"Towards automated, high resolution 3D scanning of large surfaces for cultural heritage documentation.",,
Piotr Forys,"Towards automated, high resolution 3D scanning of large surfaces for cultural heritage documentation.",,
Alexey Supikov,Efficient Filling of Disparity Holes Using Resolution Decoupling.,,
Maha El Choubassi,Efficient Filling of Disparity Holes Using Resolution Decoupling.,,
Oscar Nestares,Efficient Filling of Disparity Holes Using Resolution Decoupling.,,
Hikari Takehara,3D shape template generation from RGB-D images capturing a moving and deforming object.,,
Yuta Nakashima,3D shape template generation from RGB-D images capturing a moving and deforming object.,,
Tomokazu Sato,3D shape template generation from RGB-D images capturing a moving and deforming object.,,
Naokazu Yokoya,3D shape template generation from RGB-D images capturing a moving and deforming object.,,
Qiaosong Wang,Im2Fit - Fast 3D Model Fitting and Anthropometrics using Single Consumer Depth Camera and Synthetic Data.,,
Vignesh Jagadeesh,Im2Fit - Fast 3D Model Fitting and Anthropometrics using Single Consumer Depth Camera and Synthetic Data.,,
Bryan Ressler,Im2Fit - Fast 3D Model Fitting and Anthropometrics using Single Consumer Depth Camera and Synthetic Data.,,
Robinson Piramuthu,Im2Fit - Fast 3D Model Fitting and Anthropometrics using Single Consumer Depth Camera and Synthetic Data.,,
Long Zheng 0003,Towards concurrency race debugging - an integrated approach for constraint solving and dynamic slicing.,,
Xiaofei Liao,Towards concurrency race debugging - an integrated approach for constraint solving and dynamic slicing.,,
Hai Jin 0001,Towards concurrency race debugging - an integrated approach for constraint solving and dynamic slicing.,,
Bingsheng He,Towards concurrency race debugging - an integrated approach for constraint solving and dynamic slicing.,,
Jingling Xue,Towards concurrency race debugging - an integrated approach for constraint solving and dynamic slicing.,,
Haikun Liu,Towards concurrency race debugging - an integrated approach for constraint solving and dynamic slicing.,,
Adrià Armejach,Stencil codes on a vector length agnostic architecture.,,
Helena Caminal,Stencil codes on a vector length agnostic architecture.,,
Juan M. Cebrian,Stencil codes on a vector length agnostic architecture.,,
Rekai González-Alberquilla,Stencil codes on a vector length agnostic architecture.,,
Chris Adeniyi-Jones,Stencil codes on a vector length agnostic architecture.,,
Mateo Valero,Stencil codes on a vector length agnostic architecture.,,
Marc Casas,Stencil codes on a vector length agnostic architecture.,,
Miquel Moretó,Stencil codes on a vector length agnostic architecture.,,
Prithayan Barua,Cost-driven thread coarsening for GPU kernels.,,
Jun Shirako,Cost-driven thread coarsening for GPU kernels.,,
Vivek Sarkar,Cost-driven thread coarsening for GPU kernels.,,
Maciej Besta,Log(graph) - a near-optimal high-performance graph representation.,,
Dimitri Stanojevic,Log(graph) - a near-optimal high-performance graph representation.,,
Tijana Zivic,Log(graph) - a near-optimal high-performance graph representation.,,
Jagpreet Singh,Log(graph) - a near-optimal high-performance graph representation.,,
Maurice Hoerold,Log(graph) - a near-optimal high-performance graph representation.,,
Torsten Hoefler,Log(graph) - a near-optimal high-performance graph representation.,,
Younghyun Cho,Maximizing system utilization via parallelism management for co-located parallel applications.,,
Camilo A. Celis Guzman,Maximizing system utilization via parallelism management for co-located parallel applications.,,
Bernhard Egger,Maximizing system utilization via parallelism management for co-located parallel applications.,,
Younghyun Cho,On-the-fly workload partitioning for integrated CPU/GPU architectures.,,
Florian Negele,On-the-fly workload partitioning for integrated CPU/GPU architectures.,,
Seohong Park,On-the-fly workload partitioning for integrated CPU/GPU architectures.,,
Bernhard Egger,On-the-fly workload partitioning for integrated CPU/GPU architectures.,,
Thomas R. Gross,On-the-fly workload partitioning for integrated CPU/GPU architectures.,,
Jiho Choi,Biased reference counting - minimizing atomic operations in garbage collection.,,
Thomas Shull,Biased reference counting - minimizing atomic operations in garbage collection.,,
Josep Torrellas,Biased reference counting - minimizing atomic operations in garbage collection.,,
Bang Di,GMOD - a dynamic GPU memory overflow detector.,,
Jianhua Sun,GMOD - a dynamic GPU memory overflow detector.,,
Dong Li,GMOD - a dynamic GPU memory overflow detector.,,
Hao Chen,GMOD - a dynamic GPU memory overflow detector.,,
Zhe Quan,GMOD - a dynamic GPU memory overflow detector.,,
Wanling Gao,Data motifs - a lens towards fully understanding big data and AI workloads.,,
Jianfeng Zhan,Data motifs - a lens towards fully understanding big data and AI workloads.,,
Lei Wang,Data motifs - a lens towards fully understanding big data and AI workloads.,,
Chunjie Luo,Data motifs - a lens towards fully understanding big data and AI workloads.,,
Daoyi Zheng,Data motifs - a lens towards fully understanding big data and AI workloads.,,
Fei Tang,Data motifs - a lens towards fully understanding big data and AI workloads.,,
Biwei Xie,Data motifs - a lens towards fully understanding big data and AI workloads.,,
Chen Zheng,Data motifs - a lens towards fully understanding big data and AI workloads.,,
Xu Wen,Data motifs - a lens towards fully understanding big data and AI workloads.,,
Xiwen He,Data motifs - a lens towards fully understanding big data and AI workloads.,,
Hainan Ye,Data motifs - a lens towards fully understanding big data and AI workloads.,,
Rui Ren,Data motifs - a lens towards fully understanding big data and AI workloads.,,
Wim Heirman,Near-side prefetch throttling - adaptive prefetching for high-performance many-core processors.,,
Kristof Du Bois,Near-side prefetch throttling - adaptive prefetching for high-performance many-core processors.,,
Yves Vandriessche,Near-side prefetch throttling - adaptive prefetching for high-performance many-core processors.,,
Stijn Eyerman,Near-side prefetch throttling - adaptive prefetching for high-performance many-core processors.,,
Ibrahim Hur,Near-side prefetch throttling - adaptive prefetching for high-performance many-core processors.,,
Jeongkyu Hong,EAR - ECC-aided refresh reduction through 2-D zero compression.,,
Hyeonggyu Kim,EAR - ECC-aided refresh reduction through 2-D zero compression.,,
Soontae Kim,EAR - ECC-aided refresh reduction through 2-D zero compression.,,
Animesh Jain,Architectural support for convolutional neural networks on modern CPUs.,,
Michael A. Laurenzano,Architectural support for convolutional neural networks on modern CPUs.,,
Gilles A. Pokam,Architectural support for convolutional neural networks on modern CPUs.,,
Jason Mars,Architectural support for convolutional neural networks on modern CPUs.,,
Lingjia Tang,Architectural support for convolutional neural networks on modern CPUs.,,
Peng Jiang,Revealing parallel scans and reductions in recurrences through function reconstruction.,,
Linchuan Chen,Revealing parallel scans and reductions in recurrences through function reconstruction.,,
Gagan Agrawal,Revealing parallel scans and reductions in recurrences through function reconstruction.,,
Vladimir Kiriansky,Cimple - instruction and memory level parallelism - a DSL for uncovering ILP and MLP.,,
Haoran Xu,Cimple - instruction and memory level parallelism - a DSL for uncovering ILP and MLP.,,
Martin Rinard,Cimple - instruction and memory level parallelism - a DSL for uncovering ILP and MLP.,,
Saman P. Amarasinghe,Cimple - instruction and memory level parallelism - a DSL for uncovering ILP and MLP.,,
Michael LeBeane,ComP-net - command processor networking for efficient intra-kernel communications on GPUs.,,
Khaled Hamidouche,ComP-net - command processor networking for efficient intra-kernel communications on GPUs.,,
Brad Benton,ComP-net - command processor networking for efficient intra-kernel communications on GPUs.,,
Mauricio Breternitz,ComP-net - command processor networking for efficient intra-kernel communications on GPUs.,,
Steven K. Reinhardt,ComP-net - command processor networking for efficient intra-kernel communications on GPUs.,,
Lizy K. John,ComP-net - command processor networking for efficient intra-kernel communications on GPUs.,,
Sukhan Lee,3D-Xpath - high-density managed DRAM architecture with cost-effective alternative paths for memory transactions.,,
Kiwon Lee,3D-Xpath - high-density managed DRAM architecture with cost-effective alternative paths for memory transactions.,,
Min Chul Sung,3D-Xpath - high-density managed DRAM architecture with cost-effective alternative paths for memory transactions.,,
Mohammad Alian,3D-Xpath - high-density managed DRAM architecture with cost-effective alternative paths for memory transactions.,,
Chankyung Kim,3D-Xpath - high-density managed DRAM architecture with cost-effective alternative paths for memory transactions.,,
Wooyeong Cho,3D-Xpath - high-density managed DRAM architecture with cost-effective alternative paths for memory transactions.,,
Reum Oh,3D-Xpath - high-density managed DRAM architecture with cost-effective alternative paths for memory transactions.,,
Seongil O,3D-Xpath - high-density managed DRAM architecture with cost-effective alternative paths for memory transactions.,,
Jung Ho Ahn,3D-Xpath - high-density managed DRAM architecture with cost-effective alternative paths for memory transactions.,,
Nam Sung Kim,3D-Xpath - high-density managed DRAM architecture with cost-effective alternative paths for memory transactions.,,
Sanchit Misra,Performance extraction and suitability analysis of multi- and many-core architectures for next generation sequencing secondary analysis.,,
Tony C. Pan,Performance extraction and suitability analysis of multi- and many-core architectures for next generation sequencing secondary analysis.,,
Kanak Mahadik,Performance extraction and suitability analysis of multi- and many-core architectures for next generation sequencing secondary analysis.,,
George Powley,Performance extraction and suitability analysis of multi- and many-core architectures for next generation sequencing secondary analysis.,,
Priya N. Vaidya,Performance extraction and suitability analysis of multi- and many-core architectures for next generation sequencing secondary analysis.,,
Md. Vasimuddin,Performance extraction and suitability analysis of multi- and many-core architectures for next generation sequencing secondary analysis.,,
Srinivas Aluru,Performance extraction and suitability analysis of multi- and many-core architectures for next generation sequencing secondary analysis.,,
Tony Nowatzki,Hybrid optimization/heuristic instruction scheduling for programmable accelerator codesign.,,
Newsha Ardalani,Hybrid optimization/heuristic instruction scheduling for programmable accelerator codesign.,,
Karthikeyan Sankaralingam,Hybrid optimization/heuristic instruction scheduling for programmable accelerator codesign.,,
Jian Weng,Hybrid optimization/heuristic instruction scheduling for programmable accelerator codesign.,,
Young H. Oh,"A portable, automatic data qantizer for deep neural networks.",,
Quan Quan,"A portable, automatic data qantizer for deep neural networks.",,
Daeyeon Kim,"A portable, automatic data qantizer for deep neural networks.",,
Seonghak Kim,"A portable, automatic data qantizer for deep neural networks.",,
Jun Heo,"A portable, automatic data qantizer for deep neural networks.",,
Sungjun Jung,"A portable, automatic data qantizer for deep neural networks.",,
Jaeyoung Jang,"A portable, automatic data qantizer for deep neural networks.",,
Jae W. Lee,"A portable, automatic data qantizer for deep neural networks.",,
Biswabandan Panda,Synergistic cache layout for reuse and compression.,,
André Seznec,Synergistic cache layout for reuse and compression.,,
Sunjae Park,Transactional pre-abort handlers in hardware transactional memory.,,
Christopher J. Hughes,Transactional pre-abort handlers in hardware transactional memory.,,
Milos Prvulovic,Transactional pre-abort handlers in hardware transactional memory.,,
Jinsu Park,Hypart - a hybrid technique for practical memory bandwidth partitioning on commodity servers.,,
Seongbeom Park,Hypart - a hybrid technique for practical memory bandwidth partitioning on commodity servers.,,
Myeonggyun Han,Hypart - a hybrid technique for practical memory bandwidth partitioning on commodity servers.,,
Jihoon Hyun,Hypart - a hybrid technique for practical memory bandwidth partitioning on commodity servers.,,
Woongki Baek,Hypart - a hybrid technique for practical memory bandwidth partitioning on commodity servers.,,
Zhen Peng,Graphphi - efficient parallel graph processing on emerging throughput-oriented architectures.,,
Alexander Powell,Graphphi - efficient parallel graph processing on emerging throughput-oriented architectures.,,
Bo Wu,Graphphi - efficient parallel graph processing on emerging throughput-oriented architectures.,,
Tekin Bicer,Graphphi - efficient parallel graph processing on emerging throughput-oriented architectures.,,
Bin Ren,Graphphi - efficient parallel graph processing on emerging throughput-oriented architectures.,,
Arthur Perais,Cost effective speculation with the omnipredictor.,,
André Seznec,Cost effective speculation with the omnipredictor.,,
Vasileios Porpodas,VW-SLP - auto-vectorization with adaptive vector width.,,
Rodrigo C. O. Rocha,VW-SLP - auto-vectorization with adaptive vector width.,,
Luís F. W. Góes,VW-SLP - auto-vectorization with adaptive vector width.,,
Prakash Prabhu,MemoDyn - exploiting weakly consistent data structures for dynamic parallel memoization.,,
Stephen R. Beard,MemoDyn - exploiting weakly consistent data structures for dynamic parallel memoization.,,
Sotiris Apostolakis,MemoDyn - exploiting weakly consistent data structures for dynamic parallel memoization.,,
Ayal Zaks,MemoDyn - exploiting weakly consistent data structures for dynamic parallel memoization.,,
David I. August,MemoDyn - exploiting weakly consistent data structures for dynamic parallel memoization.,,
Sooraj Puthoor,Compiler assisted coalescing.,,
Mikko H. Lipasti,Compiler assisted coalescing.,,
Pedro Ramos,Automatic annotation of tasks in structured code.,,
Gleison Souza Diniz Mendonca,Automatic annotation of tasks in structured code.,,
Divino Soares,Automatic annotation of tasks in structured code.,,
Guido Araújo,Automatic annotation of tasks in structured code.,,
Fernando Magno Quintão Pereira,Automatic annotation of tasks in structured code.,,
Francisco Romero,Mage - online and interference-aware scheduling for multi-scale heterogeneous systems.,,
Christina Delimitrou,Mage - online and interference-aware scheduling for multi-scale heterogeneous systems.,,
Franyell Silfa,E-PUR - an energy-efficient processing unit for recurrent neural networks.,,
Gem Dot,E-PUR - an energy-efficient processing unit for recurrent neural networks.,,
Altino M. Sampaio,Energy-Efficient and SLA-Based Resource Management in Cloud Data Centers.,,
Jorge G. Barbosa,Energy-Efficient and SLA-Based Resource Management in Cloud Data Centers.,,
Farhad Mehdipour,Energy-Efficient Big Data Analytics in Datacenters.,,
Hamid Noori,Energy-Efficient Big Data Analytics in Datacenters.,,
Bahman Javadi,Energy-Efficient Big Data Analytics in Datacenters.,,
Zhenyu Zhou,Energy-Efficient Context-Aware Matching for Resource Allocation in Ultra-Dense Small Cells.,,
Mianxiong Dong,Energy-Efficient Context-Aware Matching for Resource Allocation in Ultra-Dense Small Cells.,,
Kaoru Ota,Energy-Efficient Context-Aware Matching for Resource Allocation in Ultra-Dense Small Cells.,,
Zheng Chang,Energy-Efficient Context-Aware Matching for Resource Allocation in Ultra-Dense Small Cells.,,
Alaa Taima Albu-Salih,Energy-Efficient Data Gathering Framework-Based Clustering via Multiple UAVs in Deadline-Based WSN Applications.,,
Seyed-Amin Hosseini-Seno,Energy-Efficient Data Gathering Framework-Based Clustering via Multiple UAVs in Deadline-Based WSN Applications.,,
Jung-Chieh Chen,Energy-Efficient Hybrid Precoding Design for Millimeter-Wave Massive MIMO Systems Via Coordinate Update Algorithms.,,
Yu Gu 0003,Energy-Efficient Indoor Localization of Smart Hand-Held Devices Using Bluetooth.,,
Fuji Ren,Energy-Efficient Indoor Localization of Smart Hand-Held Devices Using Bluetooth.,,
Manman Cui,Energy-Efficient Joint Power Allocation in Uplink Massive MIMO Cognitive Radio Networks With Imperfect CSI.,,
Bin-Jie Hu,Energy-Efficient Joint Power Allocation in Uplink Massive MIMO Cognitive Radio Networks With Imperfect CSI.,,
Jie Tang 0002,Energy-Efficient Joint Power Allocation in Uplink Massive MIMO Cognitive Radio Networks With Imperfect CSI.,,
Yide Wang,Energy-Efficient Joint Power Allocation in Uplink Massive MIMO Cognitive Radio Networks With Imperfect CSI.,,
Manman Cui,Energy-Efficient Power Control Algorithms in Massive MIMO Cognitive Radio Networks.,,
Bin-Jie Hu,Energy-Efficient Power Control Algorithms in Massive MIMO Cognitive Radio Networks.,,
Xiaohuan Li,Energy-Efficient Power Control Algorithms in Massive MIMO Cognitive Radio Networks.,,
Hongbin Chen,Energy-Efficient Power Control Algorithms in Massive MIMO Cognitive Radio Networks.,,
Shiwei Hu,Energy-Efficient Power Control Algorithms in Massive MIMO Cognitive Radio Networks.,,
Yide Wang,Energy-Efficient Power Control Algorithms in Massive MIMO Cognitive Radio Networks.,,
Hui Gao 0001,Energy-Efficient Resource Allocation for Massive MIMO Amplify-and-Forward Relay Systems.,,
Tiejun Lv,Energy-Efficient Resource Allocation for Massive MIMO Amplify-and-Forward Relay Systems.,,
Xin Su 0001,Energy-Efficient Resource Allocation for Massive MIMO Amplify-and-Forward Relay Systems.,,
Hong Yang,Energy-Efficient Resource Allocation for Massive MIMO Amplify-and-Forward Relay Systems.,,
John M. Cioffi,Energy-Efficient Resource Allocation for Massive MIMO Amplify-and-Forward Relay Systems.,,
Long Dinh Nguyen,Energy-Efficient Signalling in QoS Constrained Heterogeneous Networks.,,
Hoang Duong Tuan,Energy-Efficient Signalling in QoS Constrained Heterogeneous Networks.,,
Trung Quang Duong,Energy-Efficient Signalling in QoS Constrained Heterogeneous Networks.,,
Mahmuda Akter,Energy-Efficient Tracking and Localization of Objects in Wireless Sensor Networks.,,
Md. Obaidur Rahman,Energy-Efficient Tracking and Localization of Objects in Wireless Sensor Networks.,,
Md. Nazrul Islam,Energy-Efficient Tracking and Localization of Objects in Wireless Sensor Networks.,,
Mohammad Mehedi Hassan,Energy-Efficient Tracking and Localization of Objects in Wireless Sensor Networks.,,
Ahmed Alsanad,Energy-Efficient Tracking and Localization of Objects in Wireless Sensor Networks.,,
Arun Kumar Sangaiah,Energy-Efficient Tracking and Localization of Objects in Wireless Sensor Networks.,,
Shiwen He,Energy-Efficient Transceiver Design for Hybrid Sub-Array Architecture MIMO Systems.,,
Chenhao Qi,Energy-Efficient Transceiver Design for Hybrid Sub-Array Architecture MIMO Systems.,,
Yongpeng Wu,Energy-Efficient Transceiver Design for Hybrid Sub-Array Architecture MIMO Systems.,,
Yongming Huang,Energy-Efficient Transceiver Design for Hybrid Sub-Array Architecture MIMO Systems.,,
Phuong Luong,Energy-Efficient WiFi Offloading and Network Management in Heterogeneous Wireless Networks.,,
Tri Minh Nguyen,Energy-Efficient WiFi Offloading and Network Management in Heterogeneous Wireless Networks.,,
Long Bao Le,Energy-Efficient WiFi Offloading and Network Management in Heterogeneous Wireless Networks.,,
Ngoc-Dung Dào,Energy-Efficient WiFi Offloading and Network Management in Heterogeneous Wireless Networks.,,
Ekram Hossain,Energy-Efficient WiFi Offloading and Network Management in Heterogeneous Wireless Networks.,,
Zuoen Wang,Energy-Efficient Wireless Sensing for Level Set Estimations.,,
Jingxian Wu,Energy-Efficient Wireless Sensing for Level Set Estimations.,,
Jing Yang 0002,Energy-Efficient Wireless Sensing for Level Set Estimations.,,
Hai Lin,Energy-Efficient Wireless Sensing for Level Set Estimations.,,
Yongli Feng,Engagement Evaluation for Autism Intervention by Robots Based on Dynamic Bayesian Network and Expert Elicitation.,,
Qingxuan Jia,Engagement Evaluation for Autism Intervention by Robots Based on Dynamic Bayesian Network and Expert Elicitation.,,
Ming Chu,Engagement Evaluation for Autism Intervention by Robots Based on Dynamic Bayesian Network and Expert Elicitation.,,
Wei Wei 0009,Engagement Evaluation for Autism Intervention by Robots Based on Dynamic Bayesian Network and Expert Elicitation.,,
Matteo Baldoni,Engineering commitment-based business protocols with the 2CL methodology.,,
Cristina Baroglio,Engineering commitment-based business protocols with the 2CL methodology.,,
Elisa Marengo,Engineering commitment-based business protocols with the 2CL methodology.,,
Viviana Patti,Engineering commitment-based business protocols with the 2CL methodology.,,
Federico Capuzzimati,Engineering commitment-based business protocols with the 2CL methodology.,,
Ahmed Kamil Hasan Al-Ali,Enhanced Forensic Speaker Verification Using a Combination of DWT and MFCC Feature Warping in the Presence of Noise and Reverberation Conditions.,,
David Dean,Enhanced Forensic Speaker Verification Using a Combination of DWT and MFCC Feature Warping in the Presence of Noise and Reverberation Conditions.,,
Bouchra Senadji,Enhanced Forensic Speaker Verification Using a Combination of DWT and MFCC Feature Warping in the Presence of Noise and Reverberation Conditions.,,
Vinod Chandran,Enhanced Forensic Speaker Verification Using a Combination of DWT and MFCC Feature Warping in the Presence of Noise and Reverberation Conditions.,,
Ganesh R. Naik,Enhanced Forensic Speaker Verification Using a Combination of DWT and MFCC Feature Warping in the Presence of Noise and Reverberation Conditions.,,
Mohannad Abuzneid,"Enhanced Human Face Recognition Using LBPH Descriptor, Multi-KNN, and Back-Propagation Neural Network.",,
Ausif Mahmood,"Enhanced Human Face Recognition Using LBPH Descriptor, Multi-KNN, and Back-Propagation Neural Network.",,
Jesus A. Carino,Enhanced Industrial Machinery Condition Monitoring Methodology Based on Novelty Detection and Multi-Modal Analysis.,,
Miguel Delgado Prieto,Enhanced Industrial Machinery Condition Monitoring Methodology Based on Novelty Detection and Multi-Modal Analysis.,,
Daniel Zurita,Enhanced Industrial Machinery Condition Monitoring Methodology Based on Novelty Detection and Multi-Modal Analysis.,,
Marta Millán,Enhanced Industrial Machinery Condition Monitoring Methodology Based on Novelty Detection and Multi-Modal Analysis.,,
Juan Antonio Ortega Redondo,Enhanced Industrial Machinery Condition Monitoring Methodology Based on Novelty Detection and Multi-Modal Analysis.,,
René de Jesús Romero-Troncoso,Enhanced Industrial Machinery Condition Monitoring Methodology Based on Novelty Detection and Multi-Modal Analysis.,,
Hirley Alves,Enhanced Transmit Antenna Selection Scheme for Secure Throughput Maximization Without CSI at the Transmitter.,,
Mauricio de Castro Tomé,Enhanced Transmit Antenna Selection Scheme for Secure Throughput Maximization Without CSI at the Transmitter.,,
Pedro Henrique Juliano Nardelli,Enhanced Transmit Antenna Selection Scheme for Secure Throughput Maximization Without CSI at the Transmitter.,,
Carlos H. M. de Lima,Enhanced Transmit Antenna Selection Scheme for Secure Throughput Maximization Without CSI at the Transmitter.,,
Matti Latva-aho,Enhanced Transmit Antenna Selection Scheme for Secure Throughput Maximization Without CSI at the Transmitter.,,
Francesca Cuomo,Enhanced VANET broadcast throughput capacity via a dynamic backbone architecture.,,
Izhak Rubin,Enhanced VANET broadcast throughput capacity via a dynamic backbone architecture.,,
Andrea Baiocchi,Enhanced VANET broadcast throughput capacity via a dynamic backbone architecture.,,
Pierpaolo Salvo,Enhanced VANET broadcast throughput capacity via a dynamic backbone architecture.,,
Takuya Umedachi,Enhancing adaptability of amoeboid robot by synergetically coupling two decentralized controllers inspired by true slime mold.,,
Shunya Horikiri,Enhancing adaptability of amoeboid robot by synergetically coupling two decentralized controllers inspired by true slime mold.,,
Ryo Kobayashi,Enhancing adaptability of amoeboid robot by synergetically coupling two decentralized controllers inspired by true slime mold.,,
Akio Ishiguro,Enhancing adaptability of amoeboid robot by synergetically coupling two decentralized controllers inspired by true slime mold.,,
Virginia Nascimento,Enhancing Agent Mediated Electronic Markets with Ontology Matching Services and Social Network Support.,,
Maria João Viamonte,Enhancing Agent Mediated Electronic Markets with Ontology Matching Services and Social Network Support.,,
Alda Canito,Enhancing Agent Mediated Electronic Markets with Ontology Matching Services and Social Network Support.,,
Nuno Silva,Enhancing Agent Mediated Electronic Markets with Ontology Matching Services and Social Network Support.,,
Chen Hajaj,Enhancing comparison shopping agents through ordering and gradual information disclosure.,,
Noam Hazon,Enhancing comparison shopping agents through ordering and gradual information disclosure.,,
David Sarne,Enhancing comparison shopping agents through ordering and gradual information disclosure.,,
Elena del Val,Enhancing decentralized service discovery in open service-oriented multi-agent systems.,,
Miguel Rebollo,Enhancing decentralized service discovery in open service-oriented multi-agent systems.,,
Vicente J. Botti,Enhancing decentralized service discovery in open service-oriented multi-agent systems.,,
Mehdi Bagheri,Enhancing Power Quality in Microgrids With a New Online Control Strategy for DSTATCOM Using Reinforcement Learning Algorithm.,,
Venera Nurmanova,Enhancing Power Quality in Microgrids With a New Online Control Strategy for DSTATCOM Using Reinforcement Learning Algorithm.,,
Oveis Abedinia,Enhancing Power Quality in Microgrids With a New Online Control Strategy for DSTATCOM Using Reinforcement Learning Algorithm.,,
Mohammad Salay Naderi,Enhancing Power Quality in Microgrids With a New Online Control Strategy for DSTATCOM Using Reinforcement Learning Algorithm.,,
